peptide-phosphosite,Master Protein Descriptions,2934-0,2934-30,2934-1,2934-2,2934-5
aADGyVkPQIk-1,Signal transducer and activator of transcription 5B OS=Mus musculus OX=10090 GN=Stat5b PE=1 SV=1,0.04173612,0.048806522,0.053127777,0.126164157,0.250478745
aAEDNPyWVSPAYSk-1,WD repeat-containing protein 70 OS=Mus musculus OX=10090 GN=Wdr70 PE=1 SV=1,0.065439043,0.154771461,0.213155393,0.434786588,0.598698185
aAVPSGASTGIyEALELR-1,Alpha-enolase OS=Mus musculus OX=10090 GN=Eno1 PE=1 SV=3,0.560856037,0.40360869,0.469011466,0.519069108,0.430229418
acSVEELyAVPPDADTTk-1,Inactive tyrosine-protein kinase PEAK1 OS=Mus musculus OX=10090 GN=Peak1 PE=1 SV=4,0.191409943,0.35064208,0.324461611,0.474722082,0.657673677
acyGVLR-1,40S ribosomal protein S3 OS=Mus musculus OX=10090 GN=Rps3 PE=1 SV=1,0.195004182,0.244034431,0.183043911,0.204796188,0.347241867
acyRDMSSFPETk-1,"1-phosphatidylinositol 4,5-bisphosphate phosphodiesterase gamma-1 OS=Mus musculus OX=10090 GN=Plcg1 PE=1 SV=2",1.29803822,1.00327137,0.739061305,1.259132895,1.301908051
aDGPRPSLDyVELSPLAPSSPQR-1,TRIO and F-actin-binding protein OS=Mus musculus OX=10090 GN=Triobp PE=1 SV=3,0.040657263,0.079834569,0.085473083,0.182389433,0.245049878
aDHQPLTEASyVNLPTIALcNTDSPLR-1,40S ribosomal protein SA OS=Mus musculus OX=10090 GN=Rpsa PE=1 SV=4,0.323173599,0.348103275,0.545485266,0.29446985,0.518006987
aESADSLGSEDRDLLySIDAYR-1,Anillin OS=Mus musculus OX=10090 GN=Anln PE=1 SV=2,0.082238921,0.189008658,0.27629524,0.383391878,0.493531117
aFGSGyR-1,Eukaryotic translation initiation factor 4B OS=Mus musculus OX=10090 GN=Eif4b PE=1 SV=1,0.031290106,0.042439423,0.078427885,0.060590413,0.143198462
aGEEEHVYsFPNk-1,Paxillin OS=Mus musculus OX=10090 GN=Pxn PE=1 SV=1,0.427396604,0.275615796,0.245715543,0.354762185,0.432609905
aGEEEHVySFPNkQk-1,Paxillin OS=Mus musculus OX=10090 GN=Pxn PE=1 SV=1,3.0997785,3.252577897,2.681255922,2.617739183,3.2350189
aGkGESAGyMEPYEAQR-1,SH2 domain-containing adapter protein B OS=Mus musculus OX=10090 GN=Shb PE=1 SV=2,0.191744003,0.239195098,0.300214041,0.50611103,0.775992323
aGLQTADkyAALANLDNIFSAGQGGDQGSGFGTTGk-1,Arf-GAP domain and FG repeat-containing protein 1 OS=Mus musculus OX=10090 GN=Agfg1 PE=1 SV=2,0.335490615,0.242876883,0.378010065,0.767408781,0.404640501
aGSVSPGsPPyLQPR-2,Tensin-2 OS=Mus musculus OX=10090 GN=Tns2 PE=1 SV=1,0.191183191,0.222926728,0.291277411,0.309989449,0.439522034
aINNQYsFV-1,SH2B adapter protein 1 OS=Mus musculus OX=10090 GN=Sh2b1 PE=1 SV=2,0.131817144,0.31449207,0.343726212,0.412191395,0.628229245
aLDyYMLR-1,Talin-1 OS=Mus musculus OX=10090 GN=Tln1 PE=1 SV=2,0.429103574,0.313199571,0.309600685,0.430871784,0.511035239
aLELDSNLyR-1,Myosin-9 OS=Mus musculus OX=10090 GN=Myh9 PE=1 SV=4,0.736668786,0.56436285,0.572272931,0.683140271,0.918868735
aLPPAQEPDEILyVNMDEGGSHLEPR-1,Tyrosine-protein kinase receptor UFO OS=Mus musculus OX=10090 GN=Axl PE=1 SV=2,0.648129527,0.489770163,0.404784443,0.415059273,0.526059442
aLPQNDDHyVMQEHR-1,Activated CDC42 kinase 1 OS=Mus musculus OX=10090 GN=Tnk2 PE=1 SV=2,0.200536732,0.261899105,0.242844813,0.508153557,0.402235737
aLPQNDDHyVMQEHRk-1,Activated CDC42 kinase 1 OS=Mus musculus OX=10090 GN=Tnk2 PE=1 SV=2,0.623851779,0.973620408,0.924710389,1.446472062,1.287871307
aLyDFLGENEDELSFk-1,SH3 domain-containing protein 19 OS=Mus musculus OX=10090 GN=Sh3d19 PE=1 SV=2,0.564773551,0.578529574,0.645448758,0.966028832,0.934269185
aNGDYSGSyLTLSQPVSAk-1,Pleckstrin homology-like domain family B member 2 OS=Mus musculus OX=10090 GN=Phldb2 PE=1 SV=2,0.040394424,0.094095807,0.179676711,0.302586875,0.35806639
aPAsDYGTEPTPSGPSAPGGTDTTSQLSYENYEk-1,Kin of IRRE-like protein 1 OS=Mus musculus OX=10090 GN=Kirrel1 PE=1 SV=1,0.295614273,0.276975159,0.211747743,0.352615307,0.386383504
aPcScSGDNDQyVLMSSPVGR-1,Insulin receptor substrate 2 OS=Mus musculus OX=10090 GN=Irs2 PE=1 SV=2,0.39238253,0.209802361,0.169852785,0.305046894,0.527181718
aRPTTDSFDDyPPR-1,Eukaryotic translation initiation factor 4B OS=Mus musculus OX=10090 GN=Eif4b PE=1 SV=1,0.032164087,0.046684424,0.126017401,0.157899246,0.544247294
aSGDyDNDcTNPITPLcTQPDQVIk-1,WD repeat-containing protein 48 OS=Mus musculus OX=10090 GN=Wdr48 PE=1 SV=1,0.085849719,0.146030507,0.244254979,0.225686004,0.377756264
aTNESSyLSILPk-1,Pleckstrin homology-like domain family B member 2 OS=Mus musculus OX=10090 GN=Phldb2 PE=1 SV=2,0.053903194,0.143088327,0.238772459,0.394339355,0.382856247
aTNESSyLSILPktPEDIGEEQR-2,Pleckstrin homology-like domain family B member 2 OS=Mus musculus OX=10090 GN=Phldb2 PE=1 SV=2,0.118311314,0.20153227,0.252589752,0.348172975,0.296308189
aVcSTyLQSR-1,Homeodomain-interacting protein kinase 1 OS=Mus musculus OX=10090 GN=Hipk1 PE=1 SV=2,0.174529203,0.206448904,0.188434209,0.174496827,0.248543968
aVDGyVkPQIk-1,Signal transducer and activator of transcription 5A OS=Mus musculus OX=10090 GN=Stat5a PE=1 SV=1,0.133551686,0.219054257,0.153163806,0.326055644,0.484121275
aVENQYsFY-1,SH2B adapter protein 2 OS=Mus musculus OX=10090 GN=Sh2b2 PE=1 SV=2,0.056862795,0.207506836,0.340123007,0.328764401,0.357777069
aVLYADyR-1,Kin of IRRE-like protein 1 OS=Mus musculus OX=10090 GN=Kirrel1 PE=1 SV=1,0.324088648,0.271386624,0.278455779,0.301749407,0.438082253
aVLYADyRAPGPTR-1,Kin of IRRE-like protein 1 OS=Mus musculus OX=10090 GN=Kirrel1 PE=1 SV=1,0.843185477,1.073147422,1.32300665,0.814814379,1.512738751
ayHEQLSVAEITNAcFEPANQMVk-1,Tubulin alpha-1B chain OS=Mus musculus OX=10090 GN=Tuba1b PE=1 SV=2,0.029727225,0.058419922,0.079960839,0.178297643,0.351896955
ayHEQLTVAEITNAcFEPANQMVk-1,Tubulin alpha-1C chain OS=Mus musculus OX=10090 GN=Tuba1c PE=1 SV=1,0.086378995,0.080199643,0.128920979,0.230825795,0.329477872
aySSFGGGR-1,Eukaryotic translation initiation factor 4H OS=Mus musculus OX=10090 GN=Eif4h PE=1 SV=3,0.023710302,0.051177974,0.072356664,0.092243484,0.128344465
dAAAEyDELAEPQDFQDDPDIVAFR-1,Dynactin subunit 4 OS=Mus musculus OX=10090 GN=Dctn4 PE=1 SV=1,0.152908849,0.187959601,0.336941172,0.371114708,0.436299638
dASSQDcyDIPR-1,GRB2-associated-binding protein 1 OS=Mus musculus OX=10090 GN=Gab1 PE=1 SV=2,0.049529251,0.189409283,0.173461142,0.169173804,0.126142178
dIMHDSNyVSk-1,Platelet-derived growth factor receptor alpha OS=Mus musculus OX=10090 GN=Pdgfra PE=1 SV=3,0.397056576,0.364195591,0.266948512,0.383590772,0.505870368
dkDAySSFGSR-1,ATP-dependent RNA helicase DDX3X OS=Mus musculus OX=10090 GN=Ddx3x PE=1 SV=3,0.014945376,0.02638538,0.029384322,0.072155452,0.105471986
dkLNPQSNySEA-1,Neuropilin-1 OS=Mus musculus OX=10090 GN=Nrp1 PE=1 SV=2,0.113893095,0.134981664,0.098234647,0.101176618,0.134584232
dkVTIADDySDPFDAk-1,SH2 domain-containing adapter protein B OS=Mus musculus OX=10090 GN=Shb PE=1 SV=2,0.09804944,0.248434172,0.179318267,0.462054494,0.455684512
dLGDykDLDEDELLGk-1,Tropomodulin-3 OS=Mus musculus OX=10090 GN=Tmod3 PE=1 SV=1,0.01634047,0.046336682,0.040323181,0.155300496,0.17143269
dLLVHVEycMk-1,Centrosomal protein of 55 kDa OS=Mus musculus OX=10090 GN=Cep55 PE=1 SV=2,0.014379062,0.045258541,0.077174416,0.216913867,0.322946696
dLLySIDAYR-1,Anillin OS=Mus musculus OX=10090 GN=Anln PE=1 SV=2,0.055888275,0.209030869,0.237589632,0.417872186,0.413191159
dLNycFSGMSDHR-1,Heterogeneous nuclear ribonucleoprotein H OS=Mus musculus OX=10090 GN=Hnrnph1 PE=1 SV=3,0.157509609,0.251579684,0.145935597,0.331994899,0.371138444
dLPHSLVDSDNyLNFSSLSSGASPYk-1,Pleckstrin homology-like domain family B member 2 OS=Mus musculus OX=10090 GN=Phldb2 PE=1 SV=2,0.038929935,0.211618356,0.211914412,0.487948923,0.557993744
dLQyITISkEELSSGDSLSPDPWk-1,Afadin OS=Mus musculus OX=10090 GN=Afdn PE=1 SV=3,0.056431068,0.148864254,0.185859486,0.376367993,0.325621766
dLyANTVLSGGTTMYPGIADR-1,"Actin, cytoplasmic 1 OS=Mus musculus OX=10090 GN=Actb PE=1 SV=1",0.255408476,0.355697466,0.348753064,0.555042861,0.471551599
dPVQPEPIyAESAk-1,Inactive tyrosine-protein kinase PRAG1 OS=Mus musculus OX=10090 GN=Prag1 PE=1 SV=3,0.401775605,0.232493608,0.25156057,0.394774778,0.406546863
dQyLMWLTQk-1,Phosphatidylinositol 3-kinase regulatory subunit alpha OS=Mus musculus OX=10090 GN=Pik3r1 PE=1 SV=2,0.672423247,0.423007509,0.378652983,0.493339049,0.70936053
dSNPyATLPR-1,Girdin OS=Mus musculus OX=10090 GN=Ccdc88a PE=1 SV=2,0.04152806,0.045679348,0.056821566,0.120705842,0.204965473
dTyVSSFPR-1,Transcription elongation factor A protein 1 OS=Mus musculus OX=10090 GN=Tcea1 PE=1 SV=2,0.03729474,0.085651431,0.091324901,0.136087425,0.231320192
dVFAFGGAVENPEyLAPR-1,Receptor tyrosine-protein kinase erbB-2 OS=Mus musculus OX=10090 GN=Erbb2 PE=1 SV=3,0.142348146,0.238984425,0.160183496,0.178247416,0.182779476
dVTIGGSAPIyVk-1,Partitioning defective 3 homolog OS=Mus musculus OX=10090 GN=Pard3 PE=1 SV=2,0.417366522,0.449385749,0.334306764,0.623803753,0.526656776
dyEQAGSAAPSVFSR-1,Musculoskeletal embryonic nuclear protein 1 OS=Mus musculus OX=10090 GN=Mustn1 PE=1 SV=1,0.050769301,0.070752091,0.064521194,0.098548295,0.16063876
dyLHLPPEIVPATLR-1,40S ribosomal protein S10 OS=Mus musculus OX=10090 GN=Rps10 PE=1 SV=1,0.286601754,0.364184077,0.475654506,0.539123676,0.594301836
dyVGELSVDLk-1,Vascular endothelial growth factor receptor 2 OS=Mus musculus OX=10090 GN=Kdr PE=1 SV=1,0.202744701,0.158119556,0.088543099,0.15551086,0.182866704
dyVGELSVDLkR-1,Vascular endothelial growth factor receptor 2 OS=Mus musculus OX=10090 GN=Kdr PE=1 SV=1,0.480114346,0.466514937,0.283267639,0.60103678,0.570477138
eAALyPHLPPEADPR-1,Sequestosome-1 OS=Mus musculus OX=10090 GN=Sqstm1 PE=1 SV=1,0.104455525,0.124355567,0.220194158,0.36576019,0.881187446
eAAyAPPASGNQNHPGMYPVSGPk-1,Lipoma-preferred partner homolog OS=Mus musculus OX=10090 GN=Lpp PE=1 SV=1,0.161673493,0.24011963,0.158407247,0.285008993,0.297950227
eADPSNFANFSAyPSEEDMIEWAk-1,Epidermal growth factor receptor substrate 15 OS=Mus musculus OX=10090 GN=Eps15 PE=1 SV=1,0.038073772,0.067248394,0.151687432,0.519561992,0.828285707
eALGVESyYSR-1,Tetratricopeptide repeat protein 28 OS=Mus musculus OX=10090 GN=Ttc28 PE=1 SV=3,0.046920577,0.082698372,0.128391202,0.236061833,0.414462066
eAVIDyFDVQD-1,Transcriptional repressor NF-X1 OS=Mus musculus OX=10090 GN=Nfx1 PE=1 SV=1,0.14734833,0.396167693,0.330240422,0.358949448,0.578547851
ecDySIDGINR-1,Talin-2 OS=Mus musculus OX=10090 GN=Tln2 PE=1 SV=3,0.211449431,0.190201867,0.165864455,0.172355,0.265450309
eDPIyDEPEGLAPAPPR-1,Docking protein 1 OS=Mus musculus OX=10090 GN=Dok1 PE=1 SV=2,0.068165483,0.138780958,0.202109898,0.279558091,0.335818862
eETGSEEyMNMDLGPGRR-1,Insulin receptor substrate 1 OS=Mus musculus OX=10090 GN=Irs1 PE=1 SV=1,0.700578709,2.079647263,7.232768489,1.053096226,6.05384958
eEYEMkDPTNGyYNVR-1,Kin of IRRE-like protein 1 OS=Mus musculus OX=10090 GN=Kirrel1 PE=1 SV=1,0.403476965,0.257173915,0.145531721,0.337510027,0.483841333
eGHLMDTLyAQVk-1,Partitioning defective 3 homolog OS=Mus musculus OX=10090 GN=Pard3 PE=1 SV=2,0.279107744,0.23704295,0.222445316,0.432641915,0.395216487
eGLTPySSPQEAGITPVTkPELPk-1,SH3 domain-containing protein 19 OS=Mus musculus OX=10090 GN=Sh3d19 PE=1 SV=2,0.264456196,0.362578423,0.30662062,0.653845373,0.900813942
eGLyLSDTLPR-1,Pleckstrin homology-like domain family B member 2 OS=Mus musculus OX=10090 GN=Phldb2 PE=1 SV=2,0.011753106,0.121823341,0.166462966,0.241913225,0.258146434
eHALLAyTLGVk-1,Elongation factor 1-alpha 1 OS=Mus musculus OX=10090 GN=Eef1a1 PE=1 SV=3,0.611536828,0.640758461,0.383229814,0.54209438,0.688287712
eIEDAEkySFMATVTk-1,S-adenosylhomocysteine hydrolase-like protein 1 OS=Mus musculus OX=10090 GN=Ahcyl1 PE=1 SV=1,0.040916582,0.050647483,0.057782145,0.125762458,0.136406808
ekPSTDPLyDTPDTR-1,Ras and Rab interactor 1 OS=Mus musculus OX=10090 GN=Rin1 PE=1 SV=1,0.349655677,0.276084741,0.259646567,0.384174949,0.532503694
ekVEySAQLQAALAR-1,Tyrosine-protein phosphatase non-receptor type 14 OS=Mus musculus OX=10090 GN=Ptpn14 PE=1 SV=2,0.026666389,0.061973474,0.115036975,0.179487749,0.273471048
eLFDDPsYVNIQNLDk-1,SHC-transforming protein 1 OS=Mus musculus OX=10090 GN=Shc1 PE=1 SV=3,0.120336858,0.578498303,0.412922102,0.631275689,0.751436703
eNPyEDVDLk-1,Suppression of tumorigenicity 5 protein OS=Mus musculus OX=10090 GN=St5 PE=1 SV=1,0.043358934,0.045936843,0.04533685,0.087475502,0.119575729
ePPPPyVSA-1,Lysosomal-associated transmembrane protein 4B OS=Mus musculus OX=10090 GN=Laptm4b PE=2 SV=1,0.462792998,0.417682605,0.452259213,0.413138547,0.616502427
ePSSYDFVyHYG-1,Engulfment and cell motility protein 2 OS=Mus musculus OX=10090 GN=Elmo2 PE=1 SV=1,0.264209763,0.255161707,0.401993933,0.463953524,0.43409256
eQLIDyLMLk-1,Erbin OS=Mus musculus OX=10090 GN=Erbin PE=1 SV=3,0.193836594,0.174470217,0.161339878,0.274459608,0.311540902
eRDyAEIQDFHR-1,Partitioning defective 3 homolog OS=Mus musculus OX=10090 GN=Pard3 PE=1 SV=2,0.367072635,0.402186062,0.33665586,0.346824756,0.472078371
eSDyESIGDLQQcR-1,Phosphoprotein associated with glycosphingolipid-enriched microdomains 1 OS=Mus musculus OX=10090 GN=Pag1 PE=1 SV=2,0.087252286,0.113605988,0.132549731,0.207570891,0.319470098
eSGyVEMk-1,Platelet endothelial aggregation receptor 1 OS=Mus musculus OX=10090 GN=Pear1 PE=1 SV=1,0.018000585,0.066710198,0.041243499,0.083934309,0.071201039
eSkLPQDDDRPADEyDQPWEWNR-1,SH2 domain-containing adapter protein B OS=Mus musculus OX=10090 GN=Shb PE=1 SV=2,0.125347711,0.422674073,0.595653977,0.749411215,1.148445966
eSSMcLTPSFPVSPETPyVk-1,Tensin-3 OS=Mus musculus OX=10090 GN=Tns3 PE=1 SV=1,0.174663666,0.211998652,0.281778034,0.371232547,0.368837633
eVcDGWSLPNPEyYTLR-1,Engulfment and cell motility protein 2 OS=Mus musculus OX=10090 GN=Elmo2 PE=1 SV=1,0.404775804,0.459706591,0.489942415,0.317337155,0.587350486
eVDySGLR-1,Protein CDV3 OS=Mus musculus OX=10090 GN=Cdv3 PE=1 SV=2,0.009250418,0.038307622,0.052972641,0.069747931,0.103401176
eVEEPcIyESVR-1,Dual adapter for phosphotyrosine and 3-phosphotyrosine and 3-phosphoinositide OS=Mus musculus OX=10090 GN=Dapp1 PE=1 SV=1,0.035359424,0.172711503,0.335668461,0.492855157,0.778039211
eVGGLyVASR-1,"Arf-GAP with SH3 domain, ANK repeat and PH domain-containing protein 1 OS=Mus musculus OX=10090 GN=Asap1 PE=1 SV=2",0.037812295,0.39508503,0.332275094,0.394938364,0.637372435
eYDQLyEEYTR-1,Phosphatidylinositol 3-kinase regulatory subunit beta OS=Mus musculus OX=10090 GN=Pik3r2 PE=1 SV=2,0.291607011,0.381644155,0.373011799,0.348291503,0.591654073
eYDRLyEEYTR-1,Phosphatidylinositol 3-kinase regulatory subunit alpha OS=Mus musculus OX=10090 GN=Pik3r1 PE=1 SV=2;Phosphatidylinositol 3-kinase regulatory subunit gamma OS=Mus musculus OX=10090 GN=Pik3r3 PE=1 SV=1,0.360005989,0.245239627,0.191389861,0.241881054,0.28931288
eyFTFPASk-1,Afadin OS=Mus musculus OX=10090 GN=Afdn PE=1 SV=3,0.017439659,0.096191764,0.139015946,0.275204865,0.305348323
fADDTYtESYISTIGVDFk-1,Ras-related protein Rab-1A OS=Mus musculus OX=10090 GN=Rab1A PE=1 SV=3,0.190554884,0.369083821,0.303951035,0.603907363,0.5326364
fANyIDk-1,Vimentin OS=Mus musculus OX=10090 GN=Vim PE=1 SV=3,0.180682123,0.147317868,0.092091609,0.171257207,0.189791464
fGyHIIMVEGR-1,Peptidyl-prolyl cis-trans isomerase NIMA-interacting 4 OS=Mus musculus OX=10090 GN=Pin4 PE=1 SV=1,0.663443359,0.605209024,0.549979273,0.620428206,0.568892887
fHyDNTAGISHYLQNSk-1,Vascular endothelial growth factor receptor 2 OS=Mus musculus OX=10090 GN=Kdr PE=1 SV=1,0.505797186,0.36431276,0.387298368,0.510888828,0.483733043
fLEENSSDPTyTSSLGGk-1,Ephrin type-B receptor 4 OS=Mus musculus OX=10090 GN=Ephb4 PE=1 SV=2,0.215054199,0.19612814,0.41731896,0.295196582,0.515140454
fLENQEQEyVQAVk-1,Annexin A1 OS=Mus musculus OX=10090 GN=Anxa1 PE=1 SV=2,0.031177678,0.101160042,0.102459899,0.195198584,0.231170706
fNEyVEVTDAHDYDR-1,Phosphatase and actin regulator 4 OS=Mus musculus OX=10090 GN=Phactr4 PE=1 SV=2,0.090690157,0.126861973,0.268143007,0.282064888,0.400709716
fNEyVEVTDAHDYDRR-1,Phosphatase and actin regulator 4 OS=Mus musculus OX=10090 GN=Phactr4 PE=1 SV=2,0.210955298,0.384930509,0.301541987,0.398849116,0.563324333
fNISPDEDSSSYSSNSDFNySYPTk-1,Sodium-coupled neutral amino acid transporter 2 OS=Mus musculus OX=10090 GN=Slc38a2 PE=1 SV=1,0.272327811,0.296341699,0.297369346,0.421262259,0.435446472
fVEGVDSDyHDENMYYSQSSMFPHR-1,CCR4-NOT transcription complex subunit 2 OS=Mus musculus OX=10090 GN=Cnot2 PE=1 SV=2,0.132751715,0.35850506,0.14671566,0.481222262,0.489029915
gALTGGYyDTR-1,Structural maintenance of chromosomes protein 3 OS=Mus musculus OX=10090 GN=Smc3 PE=1 SV=2,0.054542063,0.0439842,0.072040306,0.14253638,0.223490548
gDDLLPAGTEDyIHIR-1,Eukaryotic translation initiation factor 1 OS=Mus musculus OX=10090 GN=Eif1 PE=1 SV=2,0.13294233,0.216691844,0.208002436,0.345227503,0.275551328
gDkQVEyLDLDLDSGk-1,GRB2-associated-binding protein 1 OS=Mus musculus OX=10090 GN=Gab1 PE=1 SV=2,0.086064886,0.459617371,0.301563176,0.585716452,0.811548071
gDyPLEAVR-1,Pyruvate kinase PKM OS=Mus musculus OX=10090 GN=Pkm PE=1 SV=4,0.074272228,0.10819838,0.138612377,0.196438444,0.211700301
gEPEALyAAVTk-1,Intersectin-2 OS=Mus musculus OX=10090 GN=Itsn2 PE=1 SV=2,0.171324972,0.214565379,0.257690237,0.453243539,0.496845916
gEPNVSyIcSR-1,Glycogen synthase kinase-3 alpha OS=Mus musculus OX=10090 GN=Gsk3a PE=1 SV=2,0.440605468,0.378706127,0.413885735,0.341799533,0.539164515
gESAGyMEPYEAQR-1,SH2 domain-containing adapter protein B OS=Mus musculus OX=10090 GN=Shb PE=1 SV=2,0.023881296,0.055956244,0.065272474,0.143709235,0.231970252
gFSSDTALySQVQk-1,Docking protein 1 OS=Mus musculus OX=10090 GN=Dok1 PE=1 SV=2,0.13187808,0.206263358,0.240166238,0.414428019,0.386188619
gGDyALAPGSQSSEMSLR-1,"H-2 class I histocompatibility antigen, L-D alpha chain OS=Mus musculus OX=10090 GN=H2-L PE=1 SV=2",0.54306866,0.408734259,0.2835842,0.513393052,0.675846169
gGDyALAPGSQTSDLSLPDck-1,"H-2 class I histocompatibility antigen, K-B alpha chain OS=Mus musculus OX=10090 GN=H2-K1 PE=1 SV=1",0.400154401,0.327665579,0.315321049,0.441480237,0.570348391
gHEyTNIk-1,Tyrosine-protein phosphatase non-receptor type 11 OS=Mus musculus OX=10090 GN=Ptpn11 PE=1 SV=2,0.044832769,0.05384499,0.059583077,0.069238159,0.122735082
gIVVyTGDR-1,Sodium/potassium-transporting ATPase subunit alpha-1 OS=Mus musculus OX=10090 GN=Atp1a1 PE=1 SV=1,0.222679379,0.096202695,0.200188395,0.261174014,0.360061437
gLcTSPAEHQYFMTEyVATR-1,Mitogen-activated protein kinase 7 OS=Mus musculus OX=10090 GN=Mapk7 PE=1 SV=1,0.45533289,0.517090817,0.416163326,0.532199484,0.836592325
gLDVESyESLERPLHk-1,Inactive tyrosine-protein kinase PEAK1 OS=Mus musculus OX=10090 GN=Peak1 PE=1 SV=4,0.181901531,0.51183272,0.553401819,0.736016918,1.15154072
gLLPNQYGQEVyDTPPMAVk-1,Breast cancer anti-estrogen resistance protein 1 OS=Mus musculus OX=10090 GN=Bcar1 PE=1 SV=2,0.5736695,0.355337799,0.429314194,0.589296946,0.609630963
gLVyEDVHR-1,Rho guanine nucleotide exchange factor 10-like protein OS=Mus musculus OX=10090 GN=Arhgef10l PE=1 SV=1,0.165590061,0.137952185,0.135654911,0.132280161,0.272360557
gLyDLPQEPR-1,Docking protein 1 OS=Mus musculus OX=10090 GN=Dok1 PE=1 SV=2,0.065177499,0.143268736,0.254701405,0.334408777,0.327214794
gPISEEGLGASVMSLSSENPyATIR-1,Platelet endothelial aggregation receptor 1 OS=Mus musculus OX=10090 GN=Pear1 PE=1 SV=1,0.241667918,0.317949158,0.510672125,0.346497332,0.538397307
gPLDGSPyAQVQR-1,Tensin-2 OS=Mus musculus OX=10090 GN=Tns2 PE=1 SV=1,0.194698777,0.216031675,0.23512745,0.205933984,0.310832233
gPLNGDTDyFGQQFDQLSNR-1,Disabled homolog 2 OS=Mus musculus OX=10090 GN=Dab2 PE=1 SV=2,0.130094672,0.217737647,0.27207786,0.358947077,0.52126988
gPSyGLSR-1,Transgelin-3 OS=Mus musculus OX=10090 GN=Tagln3 PE=1 SV=1,0.026304224,0.037895505,0.097001847,0.120536879,0.183365079
gPVyIGELPQDFLR-1,Toll-interacting protein OS=Mus musculus OX=10090 GN=Tollip PE=1 SV=1,0.631155993,0.400471826,0.546730292,0.643293138,0.830826207
gQESEyGNITYPPAVR-1,Tyrosine-protein phosphatase non-receptor type 6 OS=Mus musculus OX=10090 GN=Ptpn6 PE=1 SV=2,0.107129142,0.187939571,0.176792269,0.194534217,0.223540289
gQTPYPGVENSEIyDYLR-1,Tyrosine-protein kinase receptor UFO OS=Mus musculus OX=10090 GN=Axl PE=1 SV=2,0.305175386,0.260511299,0.450081466,0.258966712,0.445289337
gRGDyDGIGGR-1,ATP-dependent RNA helicase DDX3X OS=Mus musculus OX=10090 GN=Ddx3x PE=1 SV=3,0.017253027,0.029960195,0.053769159,0.071244574,0.183521815
gSHQISLDNPDyQQDFFPk-1,Epidermal growth factor receptor OS=Homo sapiens OX=9606 GN=EGFR PE=1 SV=2,0.03053166,0.223552734,0.217151658,0.363961449,0.396083168
gSHQIsLDNPDyQQDFFPk-2,Epidermal growth factor receptor OS=Homo sapiens OX=9606 GN=EGFR PE=1 SV=2,0.018890994,0.02468511,0.054726706,0.045289035,0.082232559
gsPHYFSPFRPY-1,Serine/arginine-rich splicing factor 9 OS=Mus musculus OX=10090 GN=Srsf9 PE=1 SV=1,0.948842532,1.060270505,0.936756001,1.034087901,0.80100755
gSSQPNLSTSYsEQEYGk-1,Epsin-2 OS=Mus musculus OX=10090 GN=Epn2 PE=1 SV=1,0.153546044,0.129323725,0.175422014,0.291338343,0.457142194
gSTAENAEyLR-1,Epidermal growth factor receptor OS=Homo sapiens OX=9606 GN=EGFR PE=1 SV=2,0.005496528,0.030044097,0.052482395,0.050043562,0.064239648
gSyGLDLEAVR-1,"Phosphatidylinositol 3,4,5-trisphosphate 5-phosphatase 2 OS=Mus musculus OX=10090 GN=Inppl1 PE=1 SV=1",0.02520679,0.140049472,0.290494633,0.36925307,0.433595866
gWLyYEAGQR-1,Plectin OS=Mus musculus OX=10090 GN=Plec PE=1 SV=3,0.456987559,0.260428292,0.56831027,0.43872147,0.486138265
gyAYVEFENPDEAEk-1,RNA-binding protein with serine-rich domain 1 OS=Mus musculus OX=10090 GN=Rnps1 PE=1 SV=1,0.235513368,0.105874239,0.221130701,0.378231545,0.331704695
gYSDEIyVVPDDSQNR-1,Rho GTPase-activating protein 5 OS=Mus musculus OX=10090 GN=Arhgap5 PE=1 SV=2,0.04124361,0.117829789,0.202476448,0.326437848,0.303175109
gySFTTTAER-1,"Actin, cytoplasmic 1 OS=Mus musculus OX=10090 GN=Actb PE=1 SV=1",0.089202755,0.096884147,0.101780228,0.123560444,0.244383059
gyVSTTIk-1,Signal transducer and transcription activator 6 OS=Mus musculus OX=10090 GN=Stat6 PE=1 SV=2,0.006956332,0.011282017,0.016398105,0.048272323,0.119471959
gYYSPySVSGSGSTAGSR-1,Plectin OS=Mus musculus OX=10090 GN=Plec PE=1 SV=3,0.066081952,0.092562846,0.160635637,0.211601308,0.505093649
hELQANcyEEVkDR-1,Cofilin-1 OS=Mus musculus OX=10090 GN=Cfl1 PE=1 SV=3,0.089162265,0.069184541,0.022530447,0.070828802,0.085459001
hLLAPGPQDIyDVPPVR-1,Breast cancer anti-estrogen resistance protein 1 OS=Mus musculus OX=10090 GN=Bcar1 PE=1 SV=2,0.347517223,0.403194793,0.264361802,0.35000047,0.343435819
hRPELIDyGk-1,Alpha-actinin-1 OS=Mus musculus OX=10090 GN=Actn1 PE=1 SV=1,0.438889576,0.485685501,0.238701251,0.320294588,0.33147357
hTDDEMTGyVATR-1,Mitogen-activated protein kinase 14 OS=Mus musculus OX=10090 GN=Mapk14 PE=1 SV=3,0.101597079,0.082914327,0.044166817,0.065770965,0.120073367
hTDDEMtGyVATR-2,Mitogen-activated protein kinase 14 OS=Mus musculus OX=10090 GN=Mapk14 PE=1 SV=3,0.124870735,0.117122324,0.101370827,0.090451768,0.134005977
hYEDGYPGGsDNYGSLSR-1,Catenin delta-1 OS=Mus musculus OX=10090 GN=Ctnnd1 PE=1 SV=2,0.016197579,0.059488219,0.052652527,0.086487342,0.131873744
hyEFPS-1,Protein tweety homolog 2 OS=Mus musculus OX=10090 GN=Ttyh2 PE=1 SV=1,0.1429591,0.090366303,0.133041147,0.138056921,0.107432352
iADPEHDHTGFLTEyVATR-1,Mitogen-activated protein kinase 3 OS=Mus musculus OX=10090 GN=Mapk3 PE=1 SV=5,0.259376292,0.201293627,0.276485695,0.261602695,0.221086593
iADPEHDHTGFLtEyVATR-2,Mitogen-activated protein kinase 3 OS=Mus musculus OX=10090 GN=Mapk3 PE=1 SV=5,0.165272401,0.195548434,0.257999638,0.665597973,0.957215264
iAySLLGLk-1,Ephrin type-A receptor 2 OS=Mus musculus OX=10090 GN=Epha2 PE=1 SV=3,0.314322314,0.308605715,0.207621747,0.319934781,0.345445616
iEDPVyGVYYVDHINR-1,"Membrane-associated guanylate kinase, WW and PDZ domain-containing protein 1 OS=Mus musculus OX=10090 GN=Magi1 PE=1 SV=1",0.138774231,0.227060565,0.197965256,0.352908555,0.44115711
iEDPVyGVYYVDHINRk-1,"Membrane-associated guanylate kinase, WW and PDZ domain-containing protein 1 OS=Mus musculus OX=10090 GN=Magi1 PE=1 SV=1",0.425288989,0.323802955,0.241684677,0.662067681,0.814966934
iEGVyAR-1,60S ribosomal protein L35a OS=Mus musculus OX=10090 GN=Rpl35a PE=1 SV=2,0.162712459,0.175036576,0.151922653,0.188904625,0.224564137
iFPLRPDyQEPSR-1,Discoidin domain-containing receptor 2 OS=Mus musculus OX=10090 GN=Ddr2 PE=1 SV=2,0.512564588,0.415553719,0.415117311,0.488745006,0.695386845
iGEGTyGVVYk-1,Cyclin-dependent kinase 1 OS=Mus musculus OX=10090 GN=Cdk1 PE=1 SV=3,0.452815801,0.348311165,0.216219217,0.413916442,0.492695406
iGEGtyGVVYk-2,Cyclin-dependent kinase 1 OS=Mus musculus OX=10090 GN=Cdk1 PE=1 SV=3,0.504626226,0.464414647,0.27547343,0.514895322,0.553251493
iGEGTyGVVYkGR-1,Cyclin-dependent kinase 1 OS=Mus musculus OX=10090 GN=Cdk1 PE=1 SV=3,0.051766229,0.082776536,0.079494803,0.125183876,0.137234956
iGITNHDEySLVR-1,Talin-1 OS=Mus musculus OX=10090 GN=Tln1 PE=1 SV=2,0.463669421,0.375202881,0.476992926,0.679651856,0.773865823
iGTAEPDyGALYEGR-1,"1-phosphatidylinositol 4,5-bisphosphate phosphodiesterase gamma-1 OS=Mus musculus OX=10090 GN=Plcg1 PE=1 SV=2",0.041415319,0.310794036,0.324975393,0.43834459,0.495668928
iIEDNEyTAR-1,(blank),0.138831956,0.167109341,0.24234585,0.193573431,0.203316445
iIQLLDDyPk-1,60S acidic ribosomal protein P0 OS=Mus musculus OX=10090 GN=Rplp0 PE=1 SV=3,0.524027608,0.335227421,0.157106652,0.399825251,0.512192659
ikEEyEVAEMGAPHGSASVR-1,Interferon-induced transmembrane protein 3 OS=Mus musculus OX=10090 GN=Ifitm3 PE=1 SV=1,0.258662874,0.223237493,0.121703254,0.354848655,0.368251607
iPEkEPPPPyLPA-1,Lysosomal-associated transmembrane protein 4A OS=Mus musculus OX=10090 GN=Laptm4a PE=1 SV=1,0.409850184,0.347473903,0.358560611,0.513557772,0.599583013
iPPGPSQDSVySDPLGSTPAGAGEGVHSk-1,Docking protein 1 OS=Mus musculus OX=10090 GN=Dok1 PE=1 SV=2,0.110719246,0.356055798,0.363672469,0.61999298,0.67210229
iQNTGDyYDLYGGEk-1,Tyrosine-protein phosphatase non-receptor type 11 OS=Mus musculus OX=10090 GN=Ptpn11 PE=1 SV=2,0.439111839,0.327870115,0.221587163,0.354566426,0.452533775
iQSSAPQEEEEHPyELLLTAETk-1,Ankyrin repeat and SAM domain-containing protein 1A OS=Mus musculus OX=10090 GN=Anks1a PE=1 SV=3,0.215234665,0.255979323,0.312329468,0.520267326,0.320472738
iQsSAPQEEEEHPyELLLTAETk-2,Ankyrin repeat and SAM domain-containing protein 1A OS=Mus musculus OX=10090 GN=Anks1a PE=1 SV=3,0.311031109,0.307884478,0.31084167,0.699288528,0.923231377
iSHSLySGIEGLDESPTR-1,Partitioning defective 3 homolog OS=Mus musculus OX=10090 GN=Pard3 PE=1 SV=2,0.217022027,0.237216193,0.272883575,0.448144431,0.448620259
iTNDyIF-1,Keratinocyte-associated transmembrane protein 2 OS=Mus musculus OX=10090 GN=Kct2 PE=1 SV=2,0.697148491,0.613938636,0.463413319,0.650457115,0.636558108
iYNGDyYR-1,Tyrosine-protein kinase receptor UFO OS=Mus musculus OX=10090 GN=Axl PE=1 SV=2,0.089641869,0.073103146,0.081854517,0.068864842,0.109958751
iYQyIQSR-1,Dual specificity tyrosine-phosphorylation-regulated kinase 1A OS=Mus musculus OX=10090 GN=Dyrk1a PE=1 SV=1,0.277228317,0.235123546,0.222000468,0.220434243,0.333592952
kADGPRPSLDyVELSPLAPSSPQR-1,TRIO and F-actin-binding protein OS=Mus musculus OX=10090 GN=Triobp PE=1 SV=3,0.028480343,0.090587319,0.123494128,0.228853329,0.423679293
kADGPRPSLDyVELSPLAPSsPQR-2,TRIO and F-actin-binding protein OS=Mus musculus OX=10090 GN=Triobp PE=1 SV=3,0.046297017,0.109582147,0.154958888,0.313844385,0.455031501
kAPTNEFyA-1,Syndecan-4 OS=Mus musculus OX=10090 GN=Sdc4 PE=1 SV=1,0.159394122,0.127622424,0.110748987,0.164793115,0.177153322
kGETPPSGTSSAFSSyFNNk-1,Disabled homolog 2 OS=Mus musculus OX=10090 GN=Dab2 PE=1 SV=2,0.063230798,0.120135167,0.160133051,0.293284118,0.374556463
kIYNGDyYR-1,Tyrosine-protein kinase receptor UFO OS=Mus musculus OX=10090 GN=Axl PE=1 SV=2,0.148717431,0.147240158,0.176741281,0.184339403,0.248302383
kLAEGsAYEEVPTSVMYSENDISNSIk-1,"1-phosphatidylinositol 4,5-bisphosphate phosphodiesterase gamma-1 OS=Mus musculus OX=10090 GN=Plcg1 PE=1 SV=2",0.065995926,0.152482314,0.12175287,0.377523098,0.368618748
kLDTTESVGIyQGFEk-1,Protein kinase C delta type OS=Mus musculus OX=10090 GN=Prkcd PE=1 SV=3,0.05368097,0.115674494,0.113410833,0.296765651,0.390424557
kLsIGQyDNDAASQVTFSk-2,Tensin-3 OS=Mus musculus OX=10090 GN=Tns3 PE=1 SV=1,0.063504561,0.088682832,0.117816933,0.230527069,0.40165541
kLYGDTDyLEER-1,CTP synthase 1 OS=Mus musculus OX=10090 GN=Ctps1 PE=1 SV=2,0.246333212,0.196589559,0.135834903,0.205585636,0.398338957
kPSAPTPVQAYGQSNySTQTWVR-1,Tensin-3 OS=Mus musculus OX=10090 GN=Tns3 PE=1 SV=1,0.119718318,0.163758526,0.188284037,0.321931829,0.357855119
kSFTPDHVVyAR-1,Caveolae-associated protein 1 OS=Mus musculus OX=10090 GN=Cavin1 PE=1 SV=1,0.416811434,0.350845058,0.33345364,0.351248967,0.57206285
kSTGSVDyLALDFQPGSPSPHR-1,GRB2-associated-binding protein 2 OS=Mus musculus OX=10090 GN=Gab2 PE=1 SV=2,0.121782591,0.229774756,0.255374059,0.699773447,0.853374825
kSTGSVDyLALDFQPGSPsPHR-2,GRB2-associated-binding protein 2 OS=Mus musculus OX=10090 GN=Gab2 PE=1 SV=2,0.153310469,0.208045244,0.28173087,0.420958933,0.435195768
kTPQGPPEIySDTQFPSLQSTAk-1,Protein CDV3 OS=Mus musculus OX=10090 GN=Cdv3 PE=1 SV=2,0.051453511,0.161077858,0.151552229,0.256861569,0.322662021
kVSSTHyYLLPERPPYLER-1,Activated CDC42 kinase 1 OS=Mus musculus OX=10090 GN=Tnk2 PE=1 SV=2,0.277458647,0.393695036,0.859606577,1.225022899,1.68365613
kYPDyIQISMPNDSk-1,Phosphatidylcholine:ceramide cholinephosphotransferase 2 OS=Mus musculus OX=10090 GN=Sgms2 PE=2 SV=2,0.224169442,0.440022582,0.412120407,0.644474393,0.50922901
lAEGSAyEEVPTSVMYSENDISNSIk-1,"1-phosphatidylinositol 4,5-bisphosphate phosphodiesterase gamma-1 OS=Mus musculus OX=10090 GN=Plcg1 PE=1 SV=2",0.032785929,0.107423077,0.126306756,0.326914196,0.35636768
lAHSAEMyHYQHQR-1,Neural proliferation differentiation and control protein 1 OS=Mus musculus OX=10090 GN=Npdc1 PE=2 SV=2,0.142055898,0.091211786,0.151614774,0.104729476,0.181357478
lASTDDGyIDLQFk-1,Transmembrane protein 230 OS=Mus musculus OX=10090 GN=Tmem230 PE=1 SV=1,0.443726275,0.58625128,0.363335022,0.621094207,0.387854622
lASTDDGyIDLQFkk-1,Transmembrane protein 230 OS=Mus musculus OX=10090 GN=Tmem230 PE=1 SV=1,0.700310184,0.782572261,0.630965386,0.854145679,0.616295818
lAyINPDLALEEk-1,Stress-induced-phosphoprotein 1 OS=Mus musculus OX=10090 GN=Stip1 PE=1 SV=1,0.191176606,0.109959044,0.11556639,0.204742976,0.55000667
lAyVTPTIPR-1,Protein phosphatase 1 regulatory subunit 12A OS=Mus musculus OX=10090 GN=Ppp1r12a PE=1 SV=2,0.174457837,0.213525573,0.29194651,0.351818849,0.598025596
lcDFGSASHVADNDITPyLVSR-1,Serine/threonine-protein kinase PRP4 homolog OS=Mus musculus OX=10090 GN=Prpf4b PE=1 SV=3,0.810142619,0.579849341,0.668835037,0.875697155,0.929783572
lDSEyYcFG-1,Leucine rich adaptor protein 1-like OS=Mus musculus OX=10090 GN=Lurap1l PE=1 SV=1,0.116520963,0.210931788,0.395354131,0.410942545,0.443196512
lEDYFETDcSySDTNNFIN-1,Tyrosine-protein kinase FRK OS=Mus musculus OX=10090 GN=Frk PE=1 SV=3,0.233646,0.574763984,0.583377382,0.535835827,0.322514573
lEPQIATASEyAHR-1,Perilipin-3 OS=Mus musculus OX=10090 GN=Plin3 PE=1 SV=1,0.878797272,0.792410405,0.929872225,0.952997683,0.851914689
lEQEIATyR-1,"Keratin, type I cytoskeletal 14 OS=Mus musculus OX=10090 GN=Krt14 PE=1 SV=2",0.282628424,0.462459637,0.461218561,0.431580242,0.610955204
lETILSLcAEyTkPEGR-1,Pleckstrin homology-like domain family B member 2 OS=Mus musculus OX=10090 GN=Phldb2 PE=1 SV=2,0.042117499,0.089613541,0.101395013,0.208429485,0.142454345
lGAAPEEEsAYVAGER-1,NSFL1 cofactor p47 OS=Mus musculus OX=10090 GN=Nsfl1c PE=1 SV=1,0.020990175,0.047037892,0.104682598,0.213521954,0.418369037
lGEyEDVSk-1,Tubulin-folding cofactor B OS=Mus musculus OX=10090 GN=Tbcb PE=1 SV=2,0.007933034,0.028422296,0.020579478,0.042997562,0.047295732
lGEyEDVSkVEk-1,Tubulin-folding cofactor B OS=Mus musculus OX=10090 GN=Tbcb PE=1 SV=2,0.017896516,0.089238947,0.04552449,0.208763334,0.189691482
lGEyGFQNAILVR-1,Serum albumin OS=Mus musculus OX=10090 GN=Alb PE=1 SV=3,0.79370874,0.707165137,0.485556175,0.784279166,0.680341317
lGLLSQESADGySHLR-1,Ankycorbin OS=Mus musculus OX=10090 GN=Rai14 PE=1 SV=1,0.125981875,0.143410109,0.174323029,0.361757147,0.401071753
lHPDyIPQEELQR-1,MICAL-like protein 2 OS=Mus musculus OX=10090 GN=Micall2 PE=1 SV=1,0.150660562,0.235304785,0.353233341,0.288757304,0.543772245
lIEDNEyTAR-1,Tyrosine-protein kinase Yes OS=Mus musculus OX=10090 GN=Yes1 PE=1 SV=3;Neuronal proto-oncogene tyrosine-protein kinase Src OS=Mus musculus OX=10090 GN=Src PE=1 SV=4,0.138831956,0.167109341,0.24234585,0.193573431,0.203316445
lISWYDNEyGYSNR-1,Glyceraldehyde-3-phosphate dehydrogenase OS=Mus musculus OX=10090 GN=Gapdh PE=1 SV=2,0.279197746,0.258107203,0.352505552,0.318031182,0.359892402
lkEEGYELPYNPATDDyAVPPPR-1,Docking protein 1 OS=Mus musculus OX=10090 GN=Dok1 PE=1 SV=2,0.056236029,0.231482957,0.313052435,0.372920303,0.273933219
lkQPVDcLDGLyALMSR-1,Tyrosine-protein kinase receptor UFO OS=Mus musculus OX=10090 GN=Axl PE=1 SV=2,0.561550405,0.608006055,0.65752649,0.712210927,0.733989504
lLGAEEkEyHAEGGk-1,Epidermal growth factor receptor OS=Homo sapiens OX=9606 GN=EGFR PE=1 SV=2,0.032392467,0.040808291,0.041400508,0.036471299,0.041334381
lLGEIAQGNENyAGIAAR-1,Talin-1 OS=Mus musculus OX=10090 GN=Tln1 PE=1 SV=2,0.281004795,0.236976961,0.286011205,0.393244095,0.327377398
lLGPGVNySGcQITWAk-1,Signal transducer and activator of transcription 3 OS=Mus musculus OX=10090 GN=Stat3 PE=1 SV=2,0.03198286,0.086817386,0.159796657,0.164606474,0.154635181
lMADNyEDDHFR-1,ELKS/Rab6-interacting/CAST family member 1 OS=Mus musculus OX=10090 GN=Erc1 PE=1 SV=1,0.129731047,0.130765867,0.150779513,0.214480232,0.303459671
lMTGDTyTAHAGAk-1,Tyrosine-protein kinase ABL2 OS=Mus musculus OX=10090 GN=Abl2 PE=1 SV=1,0.297364238,0.197490475,0.239847216,0.249230181,0.363894307
lNGPQDHNHLLySTIPR-1,Catenin delta-1 OS=Mus musculus OX=10090 GN=Ctnnd1 PE=1 SV=2,0.2563514,0.243258117,0.283807285,0.4662358,0.407067811
lNPQSNySEA-1,Neuropilin-1 OS=Mus musculus OX=10090 GN=Nrp1 PE=1 SV=2,0.270414039,0.29796346,0.300122543,0.499358777,0.429311276
lPPGEQGESEEDTEyMTPTSRPVGVQkPEPk-1,E3 ubiquitin-protein ligase CBL OS=Mus musculus OX=10090 GN=Cbl PE=1 SV=3,0.075285668,0.582984108,0.324541408,0.684377364,0.685844659
lPQDDDRPADEyDQPWEWNR-1,SH2 domain-containing adapter protein B OS=Mus musculus OX=10090 GN=Shb PE=1 SV=2,0.088855851,0.259107609,0.240078497,0.427776618,0.531130492
lQELySEQk-1,Pleckstrin homology-like domain family B member 2 OS=Mus musculus OX=10090 GN=Phldb2 PE=1 SV=2,0.015964709,0.04695882,0.047285354,0.08891472,0.09460754
lQLDNQyAVLENQk-1,Protein CDV3 OS=Mus musculus OX=10090 GN=Cdv3 PE=1 SV=2,0.031712446,0.131454903,0.160761193,0.285518239,0.324900641
lQPFHSTELEDDAIySVHVPAGLYR-1,ARF GTPase-activating protein GIT1 OS=Mus musculus OX=10090 GN=Git1 PE=1 SV=1,0.453080755,0.52407852,0.965682842,0.837976249,0.901028537
lSADSGyIIPLPDIDPVPEEEDLGkR-1,Platelet-derived growth factor receptor alpha OS=Mus musculus OX=10090 GN=Pdgfra PE=1 SV=3,0.313778187,0.239652166,0.194246734,0.383992576,0.431458965
lSDSYsNTLPVR-1,Brain-specific angiogenesis inhibitor 1-associated protein 2 OS=Mus musculus OX=10090 GN=Baiap2 PE=1 SV=2,0.026284604,0.078184672,0.137099628,0.191138978,0.244712078
lSHSSGYAQLNTYsR-1,Kin of IRRE-like protein 1 OS=Mus musculus OX=10090 GN=Kirrel1 PE=1 SV=1,0.466480785,0.409237696,0.542987662,0.467006995,0.705740336
lSLEGDHSTPPSAyGSVkPYTNFDAER-1,Annexin A2 OS=Mus musculus OX=10090 GN=Anxa2 PE=1 SV=2,0.466825972,0.426237217,0.306044891,0.6911561,1.00710352
lTDSkEDPIyDEPEGLAPAPPR-1,Docking protein 1 OS=Mus musculus OX=10090 GN=Dok1 PE=1 SV=2,0.040944516,0.16737571,0.137735656,0.360014633,0.289438955
lTSVSGESSLyNLPR-1,GRB2-associated-binding protein 1 OS=Mus musculus OX=10090 GN=Gab1 PE=1 SV=2,0.253701773,0.522772624,0.536782046,0.645345467,0.558632665
lVGMDPEQASVANQSDyVR-1,Palmitoyltransferase ZDHHC20 OS=Mus musculus OX=10090 GN=Zdhhc20 PE=1 SV=1,0.296529987,0.284916507,0.387198653,0.383651068,0.506468257
lVQSPNSyFMDVk-1,40S ribosomal protein S27 OS=Mus musculus OX=10090 GN=Rps27 PE=1 SV=3,0.540035119,0.391741264,0.33590956,0.553647419,0.690809369
lVyDGIR-1,Catenin alpha-1 OS=Mus musculus OX=10090 GN=Ctnna1 PE=1 SV=1,0.228194988,0.242847004,0.177617781,0.148335675,0.331691042
lVyENINGLSIPSASGVR-1,Fibroblast growth factor receptor substrate 2 OS=Mus musculus OX=10090 GN=Frs2 PE=1 SV=3,0.151258328,0.372812484,0.266918452,0.537090485,0.378483285
lyDFVk-1,"Phosphatidylinositol 3,4,5-trisphosphate 5-phosphatase 1 OS=Mus musculus OX=10090 GN=Inpp5d PE=1 SV=2",0.803195136,0.80976219,0.513609417,0.808086377,0.75930634
lyDLNMPAFVk-1,Cytoplasmic protein NCK1 OS=Mus musculus OX=10090 GN=Nck1 PE=1 SV=1,0.138080161,0.120320144,0.076117703,0.202709723,0.310600179
lyEEYTR-1,Phosphatidylinositol 3-kinase regulatory subunit alpha OS=Mus musculus OX=10090 GN=Pik3r1 PE=1 SV=2;Phosphatidylinositol 3-kinase regulatory subunit gamma OS=Mus musculus OX=10090 GN=Pik3r3 PE=1 SV=1,0.166757088,0.102382122,0.117858325,0.131937004,0.23036588
lyEWISIDkDDTGAk-1,"Phosphatidylinositol 3,4,5-trisphosphate 5-phosphatase 2 OS=Mus musculus OX=10090 GN=Inppl1 PE=1 SV=1",0.392642888,0.396192632,0.288719417,0.654501155,1.073637811
mAGFDGSAWDEEEEEPPDHQYyNDFPGkEPPLGGVVDMR-1,SHC-transforming protein 1 OS=Mus musculus OX=10090 GN=Shc1 PE=1 SV=3,0.548338932,1.171977771,0.472402696,0.981925083,1.023069315
mDTcSSHLNNSIyk-1,Proteinase-activated receptor 1 OS=Mus musculus OX=10090 GN=F2r PE=1 SV=2,0.434611374,0.282986329,0.197018111,0.497408937,0.512202962
mDyVEINIDHk-1,Vigilin OS=Mus musculus OX=10090 GN=Hdlbp PE=1 SV=1,0.448642017,0.292306406,0.34824256,0.43991816,0.498184186
mEDVyQTLVVHGQVLDSGR-1,Breast cancer anti-estrogen resistance protein 1 OS=Mus musculus OX=10090 GN=Bcar1 PE=1 SV=2,0.262582414,0.41782214,0.336985357,0.371256139,0.483446804
mHLPSPTDSNFyR-1,Epidermal growth factor receptor OS=Homo sapiens OX=9606 GN=EGFR PE=1 SV=2,0.221720923,0.337489883,0.410041953,0.419695973,0.455464769
mLEDSESSyEPDELTk-1,Neogenin OS=Mus musculus OX=10090 GN=Neo1 PE=1 SV=1,0.104655002,0.188265512,0.201628218,0.214624468,0.297566637
mQNHGYENPTyk-1,Amyloid-like protein 2 OS=Mus musculus OX=10090 GN=Aplp2 PE=1 SV=4,0.184811397,0.090043446,0.037447748,0.131996684,0.161092288
mQQyTEHFMVAGYTAIEk-1,Ephrin type-A receptor 2 OS=Mus musculus OX=10090 GN=Epha2 PE=1 SV=3,0.656108932,0.50774049,0.358215957,0.903053648,0.900461149
mWSESSLDEPyEk-1,FERM domain-containing protein 4A OS=Mus musculus OX=10090 GN=Frmd4a PE=1 SV=2,0.040800311,0.098439626,0.057057634,0.228747475,0.40878869
nAIkVPIVINPNAyDNLAIYk-1,Inactive tyrosine-protein kinase PEAK1 OS=Mus musculus OX=10090 GN=Peak1 PE=1 SV=4,0.560575975,0.523110591,0.639890798,0.697202779,0.960024826
nALkQETEVELyNEFPEPIk-1,Ras-related protein Rab-7a OS=Mus musculus OX=10090 GN=Rab7a PE=1 SV=2,0.189419898,0.193499058,0.150169772,0.375167034,0.475670311
nASTFEEVVQVPSAyQk-1,Src substrate cortactin OS=Mus musculus OX=10090 GN=Cttn PE=1 SV=2,0.117444011,0.224877061,0.193825251,0.311712901,0.319171616
nDPSVSVDyNTTEPAVR-1,Tensin-2 OS=Mus musculus OX=10090 GN=Tns2 PE=1 SV=1,0.149365596,0.281777517,0.219393714,0.302400157,0.357419514
nEDSDESyFINEEDENLPHYDEk-1,Phosphatidylinositol 3-kinase regulatory subunit gamma OS=Mus musculus OX=10090 GN=Pik3r3 PE=1 SV=1,0.15995105,0.49854972,0.306259094,0.750639613,0.656819739
nEEENIySVPHDSTQGk-1,Rho GTPase-activating protein 35 OS=Mus musculus OX=10090 GN=Arhgap35 PE=1 SV=3,0.308050024,0.292251912,0.205425772,0.354144349,0.468673834
nEGFyADPYLYHEGR-1,Sickle tail protein OS=Mus musculus OX=10090 GN=Skt PE=1 SV=1,0.430307669,0.429745598,0.569271064,1.126971331,1.00055222
nETEDQySLMEDEDALPHHEER-1,Phosphatidylinositol 3-kinase regulatory subunit beta OS=Mus musculus OX=10090 GN=Pik3r2 PE=1 SV=2,0.100653051,0.369146025,0.278075592,0.573958935,0.542807601
nGDVSQFPyVEFTGR-1,Transmembrane protein 106B OS=Mus musculus OX=10090 GN=Tmem106b PE=1 SV=1,0.444033378,0.448364389,0.783715973,0.447719886,0.845075195
nkDQGTYEDyVEGLR-1,Myosin light polypeptide 6 OS=Mus musculus OX=10090 GN=Myl6 PE=1 SV=3,0.071629583,0.130330365,0.169619232,0.334242747,0.460593698
nLSALENyNFELVDGVk-1,Neuropilin-1 OS=Mus musculus OX=10090 GN=Nrp1 PE=1 SV=2,0.282443541,0.270196833,0.308534927,0.487518111,0.415391044
nLSEGNNANYTEyVATR-1,Cyclin-dependent kinase-like 5 OS=Mus musculus OX=10090 GN=Cdkl5 PE=1 SV=1,0.298969669,0.353515877,0.357584893,0.438605644,0.672231158
nPGFyVEANPMPTFk-1,"1-phosphatidylinositol 4,5-bisphosphate phosphodiesterase gamma-1 OS=Mus musculus OX=10090 GN=Plcg1 PE=1 SV=2",0.058919074,0.292149947,0.20649766,0.502478467,0.628130612
nPGNQAAyEHFETMk-1,Vinculin OS=Mus musculus OX=10090 GN=Vcl PE=1 SV=4,0.58054045,0.343636835,0.223290429,0.417865939,0.47644467
nPIyTVR-1,Disks large homolog 5 OS=Mus musculus OX=10090 GN=Dlg5 PE=1 SV=1,0.112969171,0.134865636,0.11973769,0.159148078,0.356069711
nSFNNPAyYVLEGVPHQLLPLEPPSLAR-1,"Phosphatidylinositol 3,4,5-trisphosphate 5-phosphatase 2 OS=Mus musculus OX=10090 GN=Inppl1 PE=1 SV=1",0.088231312,0.233085073,0.268159124,0.616478307,0.664542761
nSQEAEVAcPFIDSTyScPGk-1,RanBP-type and C3HC4-type zinc finger-containing protein 1 OS=Mus musculus OX=10090 GN=Rbck1 PE=1 SV=2,0.153297083,0.144510575,0.191890079,0.461061557,0.96585954
nTEFyHIPTHSDASk-1,PDZ and LIM domain protein 5 OS=Mus musculus OX=10090 GN=Pdlim5 PE=1 SV=4,0.086498022,0.162228759,0.133574193,0.263185094,0.346793367
nVPEIAVYPAFETPPQyVLPTYEMAVk-1,Lysosomal-associated transmembrane protein 4A OS=Mus musculus OX=10090 GN=Laptm4a PE=1 SV=1,0.77974542,0.711285249,0.457877464,0.838713713,0.980042435
nyDYSEPGR-1,Ubiquitin carboxyl-terminal hydrolase 15 OS=Mus musculus OX=10090 GN=Usp15 PE=1 SV=1,0.024913426,0.040267745,0.049917188,0.09768214,0.184257231
nYGSySTQASAAAATAELLk-1,Secretory carrier-associated membrane protein 3 OS=Mus musculus OX=10090 GN=Scamp3 PE=1 SV=3,0.113678459,0.245659863,0.203087552,0.366898702,0.465208869
nyVTPVNR-1,Growth factor receptor-bound protein 2 OS=Mus musculus OX=10090 GN=Grb2 PE=1 SV=1,0.036650079,0.05362414,0.057393266,0.130730812,0.290736425
qADTTQyVPMLER-1,Platelet-derived growth factor receptor alpha OS=Mus musculus OX=10090 GN=Pdgfra PE=1 SV=3,0.466416274,0.366820944,0.298567896,0.596781289,0.654507847
qASEQNWANySAEQNR-1,Gap junction alpha-1 protein OS=Mus musculus OX=10090 GN=Gja1 PE=1 SV=2,0.244950992,0.214216072,0.210100222,0.226736266,0.336223509
qDVyGPQPQVR-1,Catenin delta-1 OS=Mus musculus OX=10090 GN=Ctnnd1 PE=1 SV=2,0.035796791,0.065484315,0.066216711,0.152300591,0.167774153
qEEAEyVR-1,Adapter molecule crk OS=Mus musculus OX=10090 GN=Crk PE=1 SV=1,0.025289732,0.035427982,0.068164508,0.110333705,0.45428975
qETEVELyNEFPEPIkLDk-1,Ras-related protein Rab-7a OS=Mus musculus OX=10090 GN=Rab7a PE=1 SV=2,0.057991971,0.039211098,0.079603269,0.125625251,0.154958545
qGkDyVGELSVDLk-1,Vascular endothelial growth factor receptor 2 OS=Mus musculus OX=10090 GN=Kdr PE=1 SV=1,0.203512699,0.099605094,0.072837637,0.200477167,0.182094573
qGyVIYR-1,60S ribosomal protein L15 OS=Mus musculus OX=10090 GN=Rpl15 PE=1 SV=4,0.194581455,0.194760185,0.139451607,0.176930391,0.227574348
qHyIDLk-1,Nucleoside diphosphate kinase B OS=Mus musculus OX=10090 GN=Nme2 PE=1 SV=1,0.37935633,0.231464067,0.16971664,0.284843921,0.395667998
qLAGGPcVGGLPSyATFPR-1,OTU domain-containing protein 7B OS=Mus musculus OX=10090 GN=Otud7b PE=1 SV=1,0.149190177,0.192884174,0.279428909,0.435686225,0.386528213
qNHLQADNFyQTV-1,Cysteine-rich motor neuron 1 protein OS=Mus musculus OX=10090 GN=Crim1 PE=2 SV=2,0.227045861,0.31227643,0.254478096,0.32116499,0.412315014
qQNLASyDYVR-1,Plectin OS=Mus musculus OX=10090 GN=Plec PE=1 SV=3,1.000241608,0.628563399,0.48033889,0.749021032,0.975394084
qQPTQFINPETPGyVGFANLPNQVHR-1,Septin-2 OS=Mus musculus OX=10090 GN=Sept2 PE=1 SV=2,0.145859078,0.14814678,0.36403842,0.453805021,0.759583794
qQQMVAAHQySFASDGEAR-1,Tensin-3 OS=Mus musculus OX=10090 GN=Tns3 PE=1 SV=1,0.090299194,0.118105677,0.133432132,0.272939854,0.491373834
qTGHTLLEDyQIVERPQR-1,Spartin OS=Mus musculus OX=10090 GN=Spart PE=1 SV=1,0.133388072,0.186765762,0.282007249,0.348237433,0.381850799
qTSAyNISNSSTFTk-1,Plexin-A1 OS=Mus musculus OX=10090 GN=Plxna1 PE=1 SV=1,0.617265216,0.443337453,0.595847877,0.542432231,0.648853615
qVLDyVk-1,"FERM, ARHGEF and pleckstrin domain-containing protein 1 OS=Mus musculus OX=10090 GN=Farp1 PE=1 SV=1",0.082768264,0.068513652,0.143475155,0.182118562,0.237576328
qyFDQYPR-1,Tight junction protein ZO-1 OS=Mus musculus OX=10090 GN=Tjp1 PE=1 SV=2,0.041230421,0.068769391,0.07111082,0.145827089,0.281455869
qyTSPEEIDAQLQAEk-1,28 kDa heat- and acid-stable phosphoprotein OS=Mus musculus OX=10090 GN=Pdap1 PE=1 SV=1,0.072739244,0.162610962,0.1854327,0.286195695,0.250015418
rAEDGSVIDyELIDQDAR-1,Annexin A2 OS=Mus musculus OX=10090 GN=Anxa2 PE=1 SV=2,0.187349608,0.216701478,0.181279828,0.206763987,0.393060689
rDNEVDGQDyHFVVSR-1,Disks large homolog 3 OS=Mus musculus OX=10090 GN=Dlg3 PE=1 SV=1,0.092416785,0.127721133,0.181230202,0.227933192,0.83863986
rGDyDNLEGLSWVDYGER-1,Solute carrier family 12 member 4 OS=Mus musculus OX=10090 GN=Slc12a4 PE=1 SV=2,0.090217506,0.255426985,0.241735434,0.243716938,0.158759558
rHWDSDLTDDVSESSyFAPVPTEDk-1,Anillin OS=Mus musculus OX=10090 GN=Anln PE=1 SV=2,0.041220091,0.08778452,0.117607195,0.273741897,0.318995007
rLsTEHSNVSDYPPADGyAYSSSMYHR-2,Epidermal growth factor receptor kinase substrate 8 OS=Mus musculus OX=10090 GN=Eps8 PE=1 SV=2,0.167960547,0.281927233,0.256185936,0.212518384,0.410018731
rPALLNyENLPSLPPVWEAR-1,Fibroblast growth factor receptor substrate 2 OS=Mus musculus OX=10090 GN=Frs2 PE=1 SV=3,0.328668533,0.246939387,0.229236806,0.372015038,0.625605737
rPGPGTLyDVPR-1,Breast cancer anti-estrogen resistance protein 1 OS=Mus musculus OX=10090 GN=Bcar1 PE=1 SV=2,1.041275753,0.893564502,0.612997864,0.761945901,0.617790481
rTEGDyLSYR-1,Erbin OS=Mus musculus OX=10090 GN=Erbin PE=1 SV=3,0.065235256,0.113314115,0.147403775,0.162890237,0.229239291
sAFSNLFGGEPLSYtR-1,Transferrin receptor protein 1 OS=Mus musculus OX=10090 GN=Tfrc PE=1 SV=1,0.444234857,0.497376875,0.584949329,0.627384366,0.737926687
sASySYLEDR-1,Protein phosphatase 1 regulatory subunit 12A OS=Mus musculus OX=10090 GN=Ppp1r12a PE=1 SV=2,0.027817338,0.029068047,0.057121186,0.087988057,0.139227575
scTTLENyNFELYDGLk-1,Neuropilin-2 OS=Mus musculus OX=10090 GN=Nrp2 PE=1 SV=2,0.265028237,0.426656323,0.366123475,0.402035304,0.42387143
sEAPNWATQDSGFy-1,Eukaryotic translation initiation factor 3 subunit E OS=Mus musculus OX=10090 GN=Eif3e PE=1 SV=1,0.252424621,0.192284434,0.407669925,0.544309071,0.46837056
sEEDGkEyHFISTEEMTk-1,55 kDa erythrocyte membrane protein OS=Mus musculus OX=10090 GN=Mpp1 PE=1 SV=1,0.094532434,0.0893246,0.10193779,0.199439287,0.24079931
sEGDTAyGQQVQPNTWk-1,Lipoma-preferred partner homolog OS=Mus musculus OX=10090 GN=Lpp PE=1 SV=1,0.118743698,0.128235271,0.088121065,0.19656626,0.245085444
sESVVyADIR-1,Myelin protein zero-like protein 1 OS=Mus musculus OX=10090 GN=Mpzl1 PE=1 SV=1,0.305689049,0.271923397,0.297325949,0.299121678,0.461903778
sEyELSIPDSGR-1,Serine/threonine-protein kinase N2 OS=Mus musculus OX=10090 GN=Pkn2 PE=1 SV=3,0.205001989,0.15943376,0.2216743,0.235270796,0.591146547
sFLDSGyR-1,Vinculin OS=Mus musculus OX=10090 GN=Vcl PE=1 SV=4,0.569491519,0.420123337,0.358540528,0.438323288,0.62017056
sFQNyIR-1,Ras GTPase-activating protein 3 OS=Mus musculus OX=10090 GN=Rasa3 PE=1 SV=2,0.009762308,0.05186999,0.08701986,0.144569882,0.121718931
sFTPDHVVyAR-1,Caveolae-associated protein 1 OS=Mus musculus OX=10090 GN=Cavin1 PE=1 SV=1,0.409106289,0.368617579,0.362791922,0.33173413,0.491307472
sGPLEAcyAELDQSR-1,Myotubularin-related protein 10 OS=Mus musculus OX=10090 GN=Mtmr10 PE=1 SV=2,0.102275741,0.149834899,0.185998331,0.286461127,0.353021934
sHDsVYFLGGLEGR-1,Pleckstrin homology-like domain family B member 2 OS=Mus musculus OX=10090 GN=Phldb2 PE=1 SV=2,0.04694165,0.161936942,0.197702318,0.240387028,0.385680567
sHGQyFVALFDYQAR-1,Tyrosine-protein kinase FRK OS=Mus musculus OX=10090 GN=Frk PE=1 SV=3,0.265180546,0.343720531,0.256894992,0.623406447,0.639538033
sHyADVDPENQNFLLESNLGk-1,Sodium-coupled neutral amino acid transporter 2 OS=Mus musculus OX=10090 GN=Slc38a2 PE=1 SV=1,0.565051402,0.446928699,0.351668682,0.590065058,0.674300489
sHyADVDPENQNFLLESNLGkk-1,Sodium-coupled neutral amino acid transporter 2 OS=Mus musculus OX=10090 GN=Slc38a2 PE=1 SV=1,1.229480578,1.025998783,0.809333572,1.295517395,1.303305827
skESGWVENEIyY-1,Layilin OS=Mus musculus OX=10090 GN=Layn PE=1 SV=4,0.18771492,0.356756976,0.360179904,0.646324077,0.572785584
sLDNNySTLNER-1,Catenin delta-1 OS=Mus musculus OX=10090 GN=Ctnnd1 PE=1 SV=2,0.023445864,0.046902602,0.067374215,0.082137942,0.149221456
sLLLADSNGyTNLPDVVQPSHSPTENSk-1,Misshapen-like kinase 1 OS=Mus musculus OX=10090 GN=Mink1 PE=1 SV=3,0.047282361,0.179879103,0.195767301,0.335659766,0.402520931
sLTQcSLDyIcEk-1,Stonin-1 OS=Mus musculus OX=10090 GN=Ston1 PE=1 SV=2,0.052266144,0.101024801,0.158974703,0.251479817,0.311169336
sLYSSSPGGAyVTR-1,Vimentin OS=Mus musculus OX=10090 GN=Vim PE=1 SV=3,0.215810181,0.228226066,0.227699264,0.291475588,0.424998571
sLYVAEyHSEPAEDEkP-1,Probable ATP-dependent RNA helicase DDX6 OS=Mus musculus OX=10090 GN=Ddx6 PE=1 SV=1,0.027719802,0.074105154,0.046712959,0.125331112,0.450479493
sMGYDDLDYGMMSDyGTAR-1,Catenin delta-1 OS=Mus musculus OX=10090 GN=Ctnnd1 PE=1 SV=2,0.090210993,0.223593966,0.250507802,0.301501977,0.385033683
sNIPDLGIyLk-1,E3 ubiquitin-protein ligase CBL-B OS=Mus musculus OX=10090 GN=Cblb PE=1 SV=3,0.042627648,0.314072372,0.250262154,0.5085688,0.491623439
sPGTWTIYFEGADyESHLMR-1,Afadin OS=Mus musculus OX=10090 GN=Afdn PE=1 SV=3,0.13810874,0.148864958,0.294005732,0.292063698,0.420869021
sQASkPTYGSAPyWTN-1,Ubiquitin-associated protein 2 OS=Mus musculus OX=10090 GN=Ubap2 PE=1 SV=1,0.085746877,0.188343095,0.123962972,0.279075987,0.398965613
sQSSHSyDDSTLPLIDR-1,Catenin delta-1 OS=Mus musculus OX=10090 GN=Ctnnd1 PE=1 SV=2,0.072358145,0.145825578,0.196717533,0.351814887,0.407498025
sRPPYtDyVSTR-2,Serine/threonine-protein kinase ICK OS=Mus musculus OX=10090 GN=Ick PE=1 SV=2,0.210013913,0.243103839,0.202504497,0.189202262,0.386212797
sSGSGSSMADERVDyVVVDQQk-1,GRB2-associated-binding protein 1 OS=Mus musculus OX=10090 GN=Gab1 PE=1 SV=2,0.108866239,0.613790455,0.331908906,0.840536079,1.029352789
sSLSFy-1,Jupiter microtubule associated homolog 2 OS=Mus musculus OX=10090 GN=Jpt2 PE=1 SV=1,0.086331148,0.108350198,0.287398096,0.385481531,0.238366959
sSSPyFkDSEPAEAGGIQR-1,Sorting nexin-9 OS=Mus musculus OX=10090 GN=Snx9 PE=1 SV=1,0.062037651,0.159553996,0.145248195,0.390280773,0.339145836
sSSSNLGADDGyMPMTPGAALR-1,Insulin receptor substrate 2 OS=Mus musculus OX=10090 GN=Irs2 PE=1 SV=2,0.243626333,0.214495883,0.201947722,0.366300521,0.433482664
sTLEENAyEDIVGGLPk-1,Suppression of tumorigenicity 5 protein OS=Mus musculus OX=10090 GN=St5 PE=1 SV=1,0.075960132,0.155401823,0.158130661,0.348718837,0.402028442
sTLEENAYEDIVGGLPkENPyEDVDLk-1,Suppression of tumorigenicity 5 protein OS=Mus musculus OX=10090 GN=St5 PE=1 SV=1,0.131383638,0.115004003,0.134150104,0.372426283,0.333818537
sTTTGHLIyk-1,Elongation factor 1-alpha 1 OS=Mus musculus OX=10090 GN=Eef1a1 PE=1 SV=3,0.533466962,0.491632871,0.468376789,0.572185437,0.745443189
sVLTAGGVSGEELDENyVPMNPNSPPR-1,GRB2-associated-binding protein 1 OS=Mus musculus OX=10090 GN=Gab1 PE=1 SV=2,0.202095254,0.395135956,0.365013785,0.292327624,0.464989896
syELPDGQVITIGNER-1,"Actin, cytoplasmic 1 OS=Mus musculus OX=10090 GN=Actb PE=1 SV=1",0.089835024,0.227507949,0.241369078,0.302382378,0.438633761
syLPQTVR-1,Interleukin-6 receptor subunit beta OS=Mus musculus OX=10090 GN=Il6st PE=1 SV=2,0.1639424,0.120289616,0.142634191,0.176828945,0.173958979
sYSPyDMLESIkk-1,Annexin A2 OS=Mus musculus OX=10090 GN=Anxa2 PE=1 SV=2,0.494124186,0.341420974,0.209707826,0.431956981,0.446896592
sYVILSFENNGDyMDMk-1,Platelet-derived growth factor receptor alpha OS=Mus musculus OX=10090 GN=Pdgfra PE=1 SV=3,0.244381898,0.280848513,0.178547364,0.394104742,0.393524434
tAcTNFMMTPyVVTR-1,Mitogen-activated protein kinase 9 OS=Mus musculus OX=10090 GN=Mapk9 PE=1 SV=2,0.461053877,0.341638798,0.228505707,0.627386417,0.6369091
tADSVFcPHyEk-1,Ephrin-B2 OS=Mus musculus OX=10090 GN=Efnb2 PE=1 SV=1,0.357615288,0.339058063,0.203027073,0.435569628,0.370715326
tAEAQLAyELQGAR-1,Flotillin-2 OS=Mus musculus OX=10090 GN=Flot2 PE=1 SV=2,0.150033855,0.325406357,0.212942911,0.182046348,0.176417352
tAGTSFMMTPyVVTR-1,Mitogen-activated protein kinase 10 OS=Mus musculus OX=10090 GN=Mapk10 PE=1 SV=2,0.389930605,0.348576441,0.291989293,0.323504868,0.4811962
tALSDLyLEHLLQk-1,55 kDa erythrocyte membrane protein OS=Mus musculus OX=10090 GN=Mpp1 PE=1 SV=1,0.052735136,0.079022354,0.163094507,0.176409033,0.227171786
tASESNVyLNSFHYPDR-2,Pleckstrin homology-like domain family B member 2 OS=Mus musculus OX=10090 GN=Phldb2 PE=1 SV=2,0.203424922,0.221602514,0.34006835,0.546188084,0.551480323
tcLSEGNPyVSSALSVPASPR-1,Pleckstrin homology-like domain family B member 2 OS=Mus musculus OX=10090 GN=Phldb2 PE=1 SV=2,0.204921768,0.214207587,0.196493931,0.35312075,0.373706759
tcLSEGNPyVSSALSVPAsPR-2,Pleckstrin homology-like domain family B member 2 OS=Mus musculus OX=10090 GN=Phldb2 PE=1 SV=2,0.221712841,0.210106483,0.292061593,0.452443531,0.532551002
tEGAyDLPHWDR-1,"Discoidin, CUB and LCCL domain-containing protein 2 OS=Mus musculus OX=10090 GN=Dcbld2 PE=1 SV=1",0.342042331,0.252187235,0.484204647,0.396615526,0.957917305
tEGDyLSYR-1,Erbin OS=Mus musculus OX=10090 GN=Erbin PE=1 SV=3,0.037564437,0.080206657,0.072530005,0.110937388,0.113945042
tEPAQSEDHVDIyNLR-1,SH3 and PX domain-containing protein 2B OS=Mus musculus OX=10090 GN=Sh3pxd2b PE=1 SV=1,0.03707457,0.240622374,0.284180456,0.546417948,0.408821649
tGYESGDyEMLGEGLGVk-1,Dynactin subunit 2 OS=Mus musculus OX=10090 GN=Dctn2 PE=1 SV=3,0.15680558,0.275593776,0.213663832,0.712610977,0.547220525
tGyLSIVMDPDELPLDER-1,Vascular endothelial growth factor receptor 2 OS=Mus musculus OX=10090 GN=Kdr PE=1 SV=1,0.303886717,0.297848321,0.228223123,0.353152634,0.429885149
tHAVSVSETDDyAEIIDEEDTYTMPSTR-1,Focal adhesion kinase 1 OS=Mus musculus OX=10090 GN=Ptk2 PE=1 SV=4,0.720247312,0.66493644,0.487297961,0.886841168,0.811824027
tHAVsVSETDDyAEIIDEEDTYTMPSTR-2,Focal adhesion kinase 1 OS=Mus musculus OX=10090 GN=Ptk2 PE=1 SV=4,0.177274029,0.363624933,0.346655086,0.406613383,0.685104586
tHFDyQFGYR-1,La-related protein 1 OS=Mus musculus OX=10090 GN=Larp1 PE=1 SV=3,0.571267676,0.53284894,0.573296999,0.729884039,0.588315701
tIDLGAAAHyTGDk-1,Clathrin interactor 1 OS=Mus musculus OX=10090 GN=Clint1 PE=1 SV=2,0.040062823,0.085523416,0.09969346,0.184739399,0.310166418
tLEPVkPPTVPNDyMTSPAR-1,Abl interactor 1 OS=Mus musculus OX=10090 GN=Abi1 PE=1 SV=3,0.229990344,0.384929942,0.242895947,0.542530643,0.478206423
tLEPVRPPVVPNDyVPSPTR-1,Abl interactor 2 OS=Mus musculus OX=10090 GN=Abi2 PE=1 SV=1,0.087184265,0.196717908,0.325739715,0.530694681,0.541557848
tLSEVDyAPGPGR-1,"Phosphatidylinositol 3,4,5-trisphosphate 5-phosphatase 2 OS=Mus musculus OX=10090 GN=Inppl1 PE=1 SV=1",0.067664236,0.363476104,0.37088905,0.439632752,0.556726413
tMQFEPSTMVyDAcR-1,Talin-1 OS=Mus musculus OX=10090 GN=Tln1 PE=1 SV=2,0.09720976,0.213583984,0.122319977,0.287414027,0.376317475
tMSVSDFNYsR-1,Erbin OS=Mus musculus OX=10090 GN=Erbin PE=1 SV=3,0.019033789,0.056694385,0.071646648,0.168565483,0.165027186
tNyLELDR-1,Syntaxin-binding protein 3 OS=Mus musculus OX=10090 GN=Stxbp3 PE=1 SV=1,0.01395552,0.084335489,0.10831965,0.206268794,0.210673743
tNyLELDRk-1,Syntaxin-binding protein 3 OS=Mus musculus OX=10090 GN=Stxbp3 PE=1 SV=1,0.020781406,0.147978236,0.130953599,0.323325489,0.297708469
tPPSPSPWLTSEANycELNPAFAVGcDR-1,Breast cancer anti-estrogen resistance protein 3 OS=Mus musculus OX=10090 GN=Bcar3 PE=1 SV=1,0.371143796,0.44107676,0.441265279,0.520098948,0.567646498
tPVDyIDLPYSSSPSR-1,Sorbin and SH3 domain-containing protein 1 OS=Mus musculus OX=10090 GN=Sorbs1 PE=1 SV=2,0.192836979,0.383139871,0.405514365,0.46283798,0.438587815
tPyEAYDPIGk-1,Kin of IRRE-like protein 1 OS=Mus musculus OX=10090 GN=Kirrel1 PE=1 SV=1,0.313412895,0.345227749,0.266612517,0.432795394,0.48428201
tQDQISNIkyHEEFEk-1,LIM and SH3 domain protein 1 OS=Mus musculus OX=10090 GN=Lasp1 PE=1 SV=1,0.037623428,0.086141273,0.073882416,0.29287847,0.25612726
tQVIDDESDyFASDSNQWLSk-1,Activating signal cointegrator 1 OS=Mus musculus OX=10090 GN=Trip4 PE=1 SV=2,0.095305602,0.190523272,0.268579132,0.425841943,0.703665573
tSDSDQQTyLFQR-1,Optineurin OS=Mus musculus OX=10090 GN=Optn PE=1 SV=1,0.078847027,0.213813075,0.374987464,0.876966454,1.009616616
tTAGTYSSPPPASYStLQAPALSVTGPITANSEQIAR-1,TOM1-like protein 2 OS=Mus musculus OX=10090 GN=Tom1l2 PE=1 SV=1,0.194878639,0.331124734,0.299728436,0.320730931,0.79702219
tTGIVMDSGDGVTHTVPIyEGYALPHAILR-1,"Actin, cytoplasmic 1 OS=Mus musculus OX=10090 GN=Actb PE=1 SV=1",0.225961816,0.262711211,0.443689669,0.312103868,0.502423758
tTNPFYNtM-1,Protein phosphatase Slingshot homolog 2 OS=Mus musculus OX=10090 GN=Ssh2 PE=1 SV=2,0.413252648,0.343059897,0.268011749,0.522725776,0.643272008
tTPSyVAFTDTER-1,Heat shock cognate 71 kDa protein OS=Mus musculus OX=10090 GN=Hspa8 PE=1 SV=1,0.34799263,0.372423536,0.803969161,0.279762514,0.541669729
tTSVISHTyEEIETESk-1,Inactive tyrosine-protein kinase PEAK1 OS=Mus musculus OX=10090 GN=Peak1 PE=1 SV=4,0.120436676,0.363776088,0.290761316,0.578245267,0.885162127
tVcStYLQSR-1,Homeodomain-interacting protein kinase 3 OS=Mus musculus OX=10090 GN=Hipk3 PE=1 SV=3,0.203988645,0.133941056,0.137858085,0.157714533,0.199111059
tVEyHRLDQNVNEAMPSLk-1,Keratinocyte-associated transmembrane protein 2 OS=Mus musculus OX=10090 GN=Kct2 PE=1 SV=2,1.178542267,1.297311028,0.746492571,1.30038272,1.587884065
tVHDMDQFGQQQYDIyER-1,Plakophilin-4 OS=Mus musculus OX=10090 GN=Pkp4 PE=1 SV=1,0.41115866,0.528014984,0.365538351,0.547008472,0.650005543
tVPLyESPR-1,DNA damage-binding protein 1 OS=Mus musculus OX=10090 GN=Ddb1 PE=1 SV=2,0.267393578,0.245049593,0.314737787,0.336477427,0.655328263
tVPPPVPQDPLGSPPALyAEPLDSLR-1,Docking protein 1 OS=Mus musculus OX=10090 GN=Dok1 PE=1 SV=2,0.149177734,0.149231763,0.195684373,0.273433754,0.357592066
tVQPVPMGPDGLPVDASAVSNNyIQTLGR-1,Catenin delta-1 OS=Mus musculus OX=10090 GN=Ctnnd1 PE=1 SV=2,0.171768085,0.216973475,0.261432172,0.371412774,0.45509939
tyDYLFk-1,Ras-related protein Rab-8A OS=Mus musculus OX=10090 GN=Rab8a PE=1 SV=2,0.268844379,0.271738401,0.192896733,0.280451814,0.394263588
tYELLNcDR-1,Ribosomal RNA small subunit methyltransferase NEP1 OS=Mus musculus OX=10090 GN=Emg1 PE=1 SV=1,0.240327382,0.246243742,0.207895867,0.257797133,0.348587103
tyVDPHTYEDPNQAVLk-1,Ephrin type-A receptor 2 OS=Mus musculus OX=10090 GN=Epha2 PE=1 SV=3,0.571037489,0.539280219,0.486311562,0.754493807,0.740350128
vADPDHDHTGFLtEYVATR-1,Mitogen-activated protein kinase 1 OS=Mus musculus OX=10090 GN=Mapk1 PE=1 SV=3,0.251277828,0.182895923,0.2139356,0.223802489,0.305332112
vADPDHDHTGFLtEyVATR-2,Mitogen-activated protein kinase 1 OS=Mus musculus OX=10090 GN=Mapk1 PE=1 SV=3,0.194778562,0.217536841,0.273131065,0.630255748,0.999593393
vADSYSNGyREPPEPDGWAGAPR-1,OTU domain-containing protein 7B OS=Mus musculus OX=10090 GN=Otud7b PE=1 SV=1,0.095035735,0.165485833,0.13294883,0.329607068,0.346751375
vDGDNIyVR-1,Band 4.1-like protein 2 OS=Mus musculus OX=10090 GN=Epb41l2 PE=1 SV=2,0.016523418,0.048268514,0.068106887,0.125565329,0.113940331
vDPVyETLR-1,SH3 and cysteine-rich domain-containing protein 2 OS=Mus musculus OX=10090 GN=Stac2 PE=1 SV=1,0.186134196,0.327100366,0.349182197,0.602308648,0.513187295
vDSDNAyIGVTYk-1,Platelet-derived growth factor receptor alpha OS=Mus musculus OX=10090 GN=Pdgfra PE=1 SV=3,0.223120855,0.124314377,0.081006857,0.207014319,0.18975556
vDyVVVDQQk-1,GRB2-associated-binding protein 1 OS=Mus musculus OX=10090 GN=Gab1 PE=1 SV=2,0.021246302,0.098353181,0.062704286,0.136361893,0.177900847
vEGPSEyILETSDALHVk-1,SH2B adapter protein 1 OS=Mus musculus OX=10090 GN=Sh2b1 PE=1 SV=2,0.076459841,0.218175076,0.301716831,0.457377391,0.470784884
vGQGYVYEAAQTEQDEyDTPR-1,Breast cancer anti-estrogen resistance protein 1 OS=Mus musculus OX=10090 GN=Bcar1 PE=1 SV=2,0.700726778,0.703078842,0.666128114,0.698308374,1.018642073
vHSPSGALEEcyVTEIDQDkYAVR-1,Filamin-A OS=Mus musculus OX=10090 GN=Flna PE=1 SV=5,0.427451078,0.762926626,0.651384571,1.039127811,1.255540033
vIEDDPEAVyTTTGGk-1,Ephrin type-A receptor 7 OS=Mus musculus OX=10090 GN=Epha7 PE=1 SV=2,0.225990426,0.255287618,0.239078245,0.414006962,0.344073739
vIESISPDGHEyIYVDPMQLPYDSR-1,Platelet-derived growth factor receptor alpha OS=Mus musculus OX=10090 GN=Pdgfra PE=1 SV=3,0.419936304,0.42601036,0.481070696,0.641079452,0.726246509
vITNQYNSPTGLySSENISNFNNAVESk-1,PDZ and LIM domain protein 1 OS=Mus musculus OX=10090 GN=Pdlim1 PE=1 SV=4,0.181015533,0.255599372,0.442790583,0.417717796,0.391616344
vIyDFIEk-1,Neural Wiskott-Aldrich syndrome protein OS=Mus musculus OX=10090 GN=Wasl PE=1 SV=1,0.641454005,0.488343084,0.345230215,0.6478594,0.474329077
vLEDDPEAtYTTSGGk-1,Ephrin type-A receptor 2 OS=Mus musculus OX=10090 GN=Epha2 PE=1 SV=3,0.116708231,0.124866317,0.086426012,0.132528006,0.164419118
vLEDDPEATyTTSGGkIPIR-1,Ephrin type-A receptor 2 OS=Mus musculus OX=10090 GN=Epha2 PE=1 SV=3,0.457368653,0.577276131,0.560887901,0.688683229,0.88961864
vLGSGAFGTVyk-1,Epidermal growth factor receptor OS=Homo sapiens OX=9606 GN=EGFR PE=1 SV=2,0.380226946,0.352246777,0.41016354,0.612009809,0.458622923
vLPPEVADGSVVDDGVyAVPPPAER-1,Breast cancer anti-estrogen resistance protein 1 OS=Mus musculus OX=10090 GN=Bcar1 PE=1 SV=2,0.136225414,0.158941874,0.183713439,0.287389663,0.332736939
vPIVINPNAyDNLAIYk-1,Inactive tyrosine-protein kinase PEAK1 OS=Mus musculus OX=10090 GN=Peak1 PE=1 SV=4,0.357602992,0.331906831,0.314016189,0.350712024,0.455993113
vPLAHPEDMDSSDNyVEPLDTIFk-1,Rho GTPase-activating protein 5 OS=Mus musculus OX=10090 GN=Arhgap5 PE=1 SV=2,0.131886881,0.148257064,0.185277594,0.497298989,0.359831641
vPNAyDkTALALEVGELVk-1,Adapter molecule crk OS=Mus musculus OX=10090 GN=Crk PE=1 SV=1,0.335857689,0.474008404,0.399246083,0.82729266,0.866357254
vQENDGkEPPPVVNyEEDAR-1,Tyrosine-protein kinase Fer OS=Mus musculus OX=10090 GN=Fer PE=1 SV=2,0.212309136,0.229635546,0.240513828,0.342014691,0.433937967
vSGVGGTTyEISV-1,Probable palmitoyltransferase ZDHHC8 OS=Mus musculus OX=10090 GN=Zdhhc8 PE=1 SV=1,0.147419996,0.278794679,0.371193225,0.320164098,0.431444666
vSSTHyYLLPERPPYLER-1,Activated CDC42 kinase 1 OS=Mus musculus OX=10090 GN=Tnk2 PE=1 SV=2,0.134568006,0.186606046,0.177223377,0.574805168,0.700006422
vTIADDySDPFDAk-1,SH2 domain-containing adapter protein B OS=Mus musculus OX=10090 GN=Shb PE=1 SV=2,0.090358784,0.217602857,0.171913442,0.414201314,0.397357262
vTPPEGyDVVTVFR-1,PDZ and LIM domain protein 1 OS=Mus musculus OX=10090 GN=Pdlim1 PE=1 SV=4,0.163398586,0.208662109,0.315492418,0.314028984,0.37654583
vTPPEGyDVVTVFRE-1,PDZ and LIM domain protein 1 OS=Mus musculus OX=10090 GN=Pdlim1 PE=1 SV=4,0.076603039,0.120757698,0.184268975,0.277191177,0.438592299
vTQEQYELycEMGSTFQLck-1,E3 ubiquitin-protein ligase CBL-B OS=Mus musculus OX=10090 GN=Cblb PE=1 SV=3;E3 ubiquitin-protein ligase CBL OS=Mus musculus OX=10090 GN=Cbl PE=1 SV=3,0.065990894,0.218831948,0.231492914,0.444233598,0.463645656
vVEGTAyGLSR-1,Platelet-derived growth factor receptor alpha OS=Mus musculus OX=10090 GN=Pdgfra PE=1 SV=3,0.286111578,0.243285265,0.317624422,0.26373322,0.370387973
vVQEYIDAFSDyANFk-1,Receptor-type tyrosine-protein phosphatase alpha OS=Mus musculus OX=10090 GN=Ptpra PE=1 SV=3,0.333895094,0.617443739,0.446928328,0.704639239,0.496724053
vyEIQDIYENSWTk-1,Eukaryotic translation initiation factor 3 subunit L OS=Mus musculus OX=10090 GN=Eif3l PE=1 SV=1,0.306535228,0.207824574,0.18944943,0.376417981,0.510811951
vyENVGLMQQQR-1,Tyrosine-protein phosphatase non-receptor type 11 OS=Mus musculus OX=10090 GN=Ptpn11 PE=1 SV=2,0.050013992,0.267436682,0.197276737,0.300671083,0.355862137
vyIDPFTYEDPNEAVR-1,Ephrin type-B receptor 4 OS=Mus musculus OX=10090 GN=Ephb4 PE=1 SV=2,0.224855231,0.27374852,0.422445381,0.296105254,0.540259059
vyQLER-1,Afadin OS=Mus musculus OX=10090 GN=Afdn PE=1 SV=3,0.030114187,0.06329905,0.065357697,0.072462507,0.106599514
vYtHEVVTLWYR-1,Cyclin-dependent kinase 1 OS=Mus musculus OX=10090 GN=Cdk1 PE=1 SV=3,0.473475623,0.264041582,0.3435904,0.887404843,0.961364097
vYTyIQSR-1,Dual specificity tyrosine-phosphorylation-regulated kinase 4 OS=Mus musculus OX=10090 GN=Dyrk4 PE=2 SV=1,0.224693225,0.209664728,0.236900243,0.235577141,0.337472245
wDsYENMSADGEVLHTQGPVDGSLyAk-2,Tensin-3 OS=Mus musculus OX=10090 GN=Tns3 PE=1 SV=1,0.380301297,0.185938382,0.120440107,0.353236961,0.288122039
wDTGENPIyk-1,Integrin beta-1 OS=Mus musculus OX=10090 GN=Itgb1 PE=1 SV=1,0.587511522,0.472863795,0.327456559,0.624249289,0.624904232
wkQyLEDER-1,CUE domain-containing protein 1 OS=Mus musculus OX=10090 GN=Cuedc1 PE=2 SV=2,0.075870362,0.082833022,0.160693924,0.375277586,0.790811974
yAALANLDNIFSAGQGGDQGSGFGTTGk-1,Arf-GAP domain and FG repeat-containing protein 1 OS=Mus musculus OX=10090 GN=Agfg1 PE=1 SV=2,0.202637465,0.233022367,0.254173716,0.353181017,0.478162136
yADLPGIAR-1,Dynactin subunit 2 OS=Mus musculus OX=10090 GN=Dctn2 PE=1 SV=3,0.07625655,0.148185507,0.170621893,0.205334881,0.29716987
yAGSALQYEDVGTAVQNLQk-1,Vacuolar protein sorting-associated protein VTA1 homolog OS=Mus musculus OX=10090 GN=Vta1 PE=1 SV=1,0.437853567,0.648915535,0.504367839,0.72249673,0.764970268
yAHQQPPSPLPVySSSAk-1,Paxillin OS=Mus musculus OX=10090 GN=Pxn PE=1 SV=1,0.3214518,0.344793634,0.335588184,0.489375715,0.38905364
yAHQQPPsPLPVySSSAk-2,Paxillin OS=Mus musculus OX=10090 GN=Pxn PE=1 SV=1,0.600031623,0.550740846,0.348650292,0.570975701,0.775785979
yATPQVIQAPGPR-1,Activated CDC42 kinase 1 OS=Mus musculus OX=10090 GN=Tnk2 PE=1 SV=2,0.523439713,0.549094605,0.533840205,0.573666294,0.437341396
yAYFNGcSSPTAPLSPMSPPGYk-1,Gap junction alpha-1 protein OS=Mus musculus OX=10090 GN=Gja1 PE=1 SV=2,0.101497726,0.14780874,0.202966481,0.239385108,0.263223135
ycRPESQEHPEADPGSAAPyLk-1,Signal transducer and activator of transcription 3 OS=Mus musculus OX=10090 GN=Stat3 PE=1 SV=2,0.069154656,0.137239425,0.06128393,0.08491648,0.17936845
yDSRPGGYGyGYGR-1,RNA-binding protein 3 OS=Mus musculus OX=10090 GN=Rbm3 PE=1 SV=1,0.011935287,0.019916648,0.040358391,0.067830825,0.14241072
yDSSSTSSSDRYDSLLGR-1,Protein phosphatase 1 regulatory subunit 12A OS=Mus musculus OX=10090 GN=Ppp1r12a PE=1 SV=2,0.078901298,0.102081166,0.245854717,0.288583142,0.436686374
yENVPLIGR-1,Protein tweety homolog 2 OS=Mus musculus OX=10090 GN=Ttyh2 PE=1 SV=1,0.309060823,0.263958665,0.215504974,0.305752384,0.367623653
yESGyMLNSEEMEEPSEk-1,Caveolae-associated protein 2 OS=Mus musculus OX=10090 GN=Cavin2 PE=1 SV=3,0.079230096,0.087250277,0.079426637,0.236601585,0.357377919
yEVSSYtDQFSR-1,Tight junction protein ZO-1 OS=Mus musculus OX=10090 GN=Tjp1 PE=1 SV=2,0.05114653,0.172618467,0.180163113,0.313820805,0.463576556
yFDSGDYNMAk-1,Alpha-endosulfine OS=Mus musculus OX=10090 GN=Ensa PE=1 SV=1,0.045170106,0.10761391,0.109534976,0.184873559,0.212130066
yFPLAASEGLAVRPR-1,Ankyrin repeat and SAM domain-containing protein 1A OS=Mus musculus OX=10090 GN=Anks1a PE=1 SV=3,0.129473577,0.289491709,0.331078142,0.479444011,0.48169262
yGEVFEPTVER-1,Tyrosine-protein kinase receptor UFO OS=Mus musculus OX=10090 GN=Axl PE=1 SV=2,0.942804951,0.770922369,0.561593612,0.773001717,0.864006988
yGPQFTLQHVPDYR-1,Protocadherin gamma-A4 OS=Mus musculus OX=10090 GN=Pcdhga4 PE=1 SV=1,0.331467638,0.386340524,0.374347181,0.420640572,0.732048486
yLcEGTESPyQTGQLHPAIR-1,Receptor-type tyrosine-protein phosphatase kappa OS=Mus musculus OX=10090 GN=Ptprk PE=1 SV=1,0.23102745,0.146098023,0.300099617,0.32924178,0.173239951
yLDTTEDADSyVR-1,"Sprouty-related, EVH1 domain-containing protein 2 OS=Mus musculus OX=10090 GN=Spred2 PE=1 SV=1",0.122241651,0.139949554,0.151184979,0.205893767,0.3629729
yLEQMQI-1,Amyloid-like protein 2 OS=Mus musculus OX=10090 GN=Aplp2 PE=1 SV=4,0.262264764,0.42003491,0.293340637,0.454608197,0.516430374
yLQSPALR-1,Interferon alpha/beta receptor 1 OS=Mus musculus OX=10090 GN=Ifnar1 PE=1 SV=2,0.365503832,0.296687708,0.260952219,0.364009028,0.420470117
yLyVDkNFINNPLAQADWAAk-1,Myosin-9 OS=Mus musculus OX=10090 GN=Myh9 PE=1 SV=4,0.469942958,0.4074034,0.268925553,0.504064545,0.789178711
yMEDSTyYk-1,Focal adhesion kinase 1 OS=Mus musculus OX=10090 GN=Ptk2 PE=1 SV=4,0.203622577,0.154749415,0.103215533,0.16173091,0.211357222
yQDVyVELNHIk-1,TRIO and F-actin-binding protein OS=Mus musculus OX=10090 GN=Triobp PE=1 SV=3,0.068518513,0.081757477,0.138775425,0.199891533,0.470265841
yQEVWTSSTSPR-1,Inactive tyrosine-protein kinase PEAK1 OS=Mus musculus OX=10090 GN=Peak1 PE=1 SV=4,0.216662823,0.201454164,0.251631958,0.34415768,0.729004454
yQQPFEDFR-1,"1-phosphatidylinositol 4,5-bisphosphate phosphodiesterase gamma-1 OS=Mus musculus OX=10090 GN=Plcg1 PE=1 SV=2",0.010349116,0.108053188,0.145603468,0.258705562,0.309154667
ySDIQR-1,Platelet-derived growth factor receptor alpha OS=Mus musculus OX=10090 GN=Pdgfra PE=1 SV=3,0.186036932,0.163890095,0.151738059,0.141807122,0.192959103
ySPDPVVVR-1,Cysteine-rich hydrophobic domain-containing protein 2 OS=Mus musculus OX=10090 GN=Chic2 PE=2 SV=1,0.413573376,0.300384793,0.259480466,0.382658752,0.444060105
ysSDPTGALTEDSIDDTFLPVPEYINQSVPk-1,Epidermal growth factor receptor OS=Homo sapiens OX=9606 GN=EGFR PE=1 SV=2,0.017674736,0.103968354,0.082938837,0.163304968,0.213118338
yVDSEGHLyTVPIR-1,Caveolin-1 OS=Mus musculus OX=10090 GN=Cav1 PE=1 SV=1,0.27994943,0.267395145,0.263016603,0.368388262,0.407852376
yVLcPSTAPGPTLSADR-1,Tyrosine-protein kinase receptor UFO OS=Mus musculus OX=10090 GN=Axl PE=1 SV=2,0.352354511,0.404426186,0.351624004,0.417743442,0.620463524
yYEPyYAAGPSYGGR-1,Lipoma-preferred partner homolog OS=Mus musculus OX=10090 GN=Lpp PE=1 SV=1,0.081424658,0.138708578,0.179264034,0.285547793,0.390831495
yyVTIIDAPGHR-1,Elongation factor 1-alpha 1 OS=Mus musculus OX=10090 GN=Eef1a1 PE=1 SV=3,0.166195038,0.367328168,0.291995206,0.326844721,0.463323285
