peptide-phosphosite,Master Protein Descriptions,2935-0,2935-30,2935-1,2935-2,2935-5
aAVPSGASTGIyEALELR-1,Alpha-enolase OS=Mus musculus OX=10090 GN=Eno1 PE=1 SV=3,0.65516261,0.678664192,0.900745606,0.727087242,0.815829244
acSVEELyAVPPDADTTk-1,Inactive tyrosine-protein kinase PEAK1 OS=Mus musculus OX=10090 GN=Peak1 PE=1 SV=4,0.820079954,1.350774016,1.083313516,1.300627406,1.856620454
acsVEELyAVPPDADTTk-2,Inactive tyrosine-protein kinase PEAK1 OS=Mus musculus OX=10090 GN=Peak1 PE=1 SV=4,0.769391652,0.983562086,1.077383081,1.134611221,0.917413197
aDDADEFGySR-1,Staphylococcal nuclease domain-containing protein 1 OS=Mus musculus OX=10090 GN=Snd1 PE=1 SV=1,0.012170622,0.037295078,0.091797829,0.120475686,0.125973326
aGEEEHVySFPNk-1,Paxillin OS=Mus musculus OX=10090 GN=Pxn PE=1 SV=1,0.863454057,0.789875151,0.878536529,0.960290422,0.441475773
aGkGESAGyMEPYEAQR-1,SH2 domain-containing adapter protein B OS=Mus musculus OX=10090 GN=Shb PE=1 SV=2,0.322438738,0.45053865,0.815352875,1.119058104,0.745552967
aGSVSPGsPPyLQPR-2,Tensin-2 OS=Mus musculus OX=10090 GN=Tns2 PE=1 SV=1,0.27929568,0.36869062,0.586878826,0.781976806,0.936165488
aLDyYMLR-1,Talin-1 OS=Mus musculus OX=10090 GN=Tln1 PE=1 SV=2,0.986273122,0.975429216,0.979096911,1.044536428,0.942905204
aLELDSNLyR-1,Myosin-9 OS=Mus musculus OX=10090 GN=Myh9 PE=1 SV=4,0.632595694,0.49806609,0.564955791,0.632834591,0.651378775
aLPQNDDHyVMQEHR-1,Activated CDC42 kinase 1 OS=Mus musculus OX=10090 GN=Tnk2 PE=1 SV=2,0.53051793,0.570467624,1.123327024,1.136231424,0.793927923
aLyDFLGENEDELSFk-1,SH3 domain-containing protein 19 OS=Mus musculus OX=10090 GN=Sh3d19 PE=1 SV=2,0.855991082,0.925515075,0.770509642,0.812624196,0.834218834
aNGDYSGSyLTLSQPVSAk-1,Pleckstrin homology-like domain family B member 2 OS=Mus musculus OX=10090 GN=Phldb2 PE=1 SV=2,0.133708597,0.340499368,0.429988672,0.532513716,0.478021883
aPASDyGTEPTPSGPSAPGGTDTTSQLSYENYEk-1,Kin of IRRE-like protein 1 OS=Mus musculus OX=10090 GN=Kirrel1 PE=1 SV=1,0.74712019,0.969397047,0.79619398,0.965469149,0.960379467
aPsFYHYLPVPMDEMGGk-1,Bone marrow stromal antigen 2 OS=Mus musculus OX=10090 GN=Bst2 PE=1 SV=1,0.850071354,1.137171094,0.542907081,0.794585207,0.769229366
aPSFyHyLPVPMDEMGGk-2,Bone marrow stromal antigen 2 OS=Mus musculus OX=10090 GN=Bst2 PE=1 SV=1,1.143227784,1.142691548,2.354797088,1.55764501,1.742560988
aPTNEFyA-1,Syndecan-4 OS=Mus musculus OX=10090 GN=Sdc4 PE=1 SV=1,0.845657289,0.650350603,0.830038666,0.648798906,0.643604705
aQAPASPyNDYEGR-1,Retinoic acid-induced protein 3 OS=Mus musculus OX=10090 GN=Gprc5a PE=1 SV=1,0.188324195,0.09518927,0.18238001,0.152218445,0.213975176
aTMkDDLADYGGYEGGyVQDYEDFM-1,Eukaryotic translation initiation factor 3 subunit J-B OS=Mus musculus OX=10090 GN=Eif3j2 PE=1 SV=1,0.223919617,0.269506412,0.49658306,0.685955073,0.713985246
aTNESSyLSILPk-1,Pleckstrin homology-like domain family B member 2 OS=Mus musculus OX=10090 GN=Phldb2 PE=1 SV=2,0.02761408,0.287153718,0.560382988,0.614532192,0.521911095
aTTPPNQGRPDsPVyANLQELk-2,Rho GTPase-activating protein 12 OS=Mus musculus OX=10090 GN=Arhgap12 PE=1 SV=2,0.375717821,0.77123594,0.880888147,0.850864447,0.472025545
aVENQySFY-1,SH2B adapter protein 2 OS=Mus musculus OX=10090 GN=Sh2b2 PE=1 SV=2,0.11149542,0.397657263,0.576061075,0.577304211,0.529314837
aVLYADyR-1,Kin of IRRE-like protein 1 OS=Mus musculus OX=10090 GN=Kirrel1 PE=1 SV=1,0.860444129,0.796348235,0.928163014,0.96564784,0.651457445
aVLYADyRAPGPTR-1,Kin of IRRE-like protein 1 OS=Mus musculus OX=10090 GN=Kirrel1 PE=1 SV=1,1.555360205,1.02236582,1.707746518,1.768031265,1.136050164
aVLyADyRAPGPTR-2,Kin of IRRE-like protein 1 OS=Mus musculus OX=10090 GN=Kirrel1 PE=1 SV=1,1.763311584,1.505986042,1.418399893,1.694704513,1.48013657
ayHEQLSVAEITNAcFEPANQMVk-1,Tubulin alpha-1B chain OS=Mus musculus OX=10090 GN=Tuba1b PE=1 SV=2,0.03923293,0.107618679,0.18837706,0.288437921,0.572089642
aySSFGGGR-1,Eukaryotic translation initiation factor 4H OS=Mus musculus OX=10090 GN=Eif4h PE=1 SV=3,0.034555752,0.168587146,0.183692923,0.189560104,0.303821135
cVGQAAELQPASLLRDPVQPEPIyAESAk-1,Inactive tyrosine-protein kinase PRAG1 OS=Mus musculus OX=10090 GN=Prag1 PE=1 SV=3,1.129383448,1.266799285,1.385411037,1.638276093,1.311358331
dAAAEyDELAEPQDFQDDPDIVAFR-1,Dynactin subunit 4 OS=Mus musculus OX=10090 GN=Dctn4 PE=1 SV=1,0.232744961,0.388542423,0.737898117,0.768878748,0.676592943
dASSQDcyDIPR-1,GRB2-associated-binding protein 1 OS=Mus musculus OX=10090 GN=Gab1 PE=1 SV=2,0.083562325,0.5328354,0.64294539,0.517208025,0.236442648
dASVAEAWLLGQEPyLSSR-1,"Spectrin beta chain, non-erythrocytic 1 OS=Mus musculus OX=10090 GN=Sptbn1 PE=1 SV=2",0.358394187,0.778689246,0.662681011,0.65034086,0.67949425
dGADGAFyPDEIQRPPVR-1,Tax1-binding protein 1 homolog OS=Mus musculus OX=10090 GN=Tax1bp1 PE=1 SV=2,0.170810195,0.131053597,0.626649498,1.052292893,1.227538585
dIMHDSNyVSk-1,Platelet-derived growth factor receptor alpha OS=Mus musculus OX=10090 GN=Pdgfra PE=1 SV=3,1.909875193,1.410070422,1.427524701,1.378739677,0.905393679
dkDAySSFGSR-1,ATP-dependent RNA helicase DDX3X OS=Mus musculus OX=10090 GN=Ddx3x PE=1 SV=3,0.025413507,0.052835899,0.103211204,0.146143648,0.166157211
dkVTIADDySDPFDAk-1,SH2 domain-containing adapter protein B OS=Mus musculus OX=10090 GN=Shb PE=1 SV=2,0.147856978,0.385190017,0.445526978,0.704136552,0.543781991
dLGDykDLDEDELLGk-1,Tropomodulin-3 OS=Mus musculus OX=10090 GN=Tmod3 PE=1 SV=1,0.066564477,0.141194123,0.316816768,0.517962985,0.687538485
dLPHSLVDSDNyLNFSSLSSGAsPYk-2,Pleckstrin homology-like domain family B member 2 OS=Mus musculus OX=10090 GN=Phldb2 PE=1 SV=2,0.223294544,0.440983248,0.648026441,0.663643227,0.548832577
dLQyITISk-1,Afadin OS=Mus musculus OX=10090 GN=Afdn PE=1 SV=3,0.096299868,0.168655548,0.407683228,0.449789976,0.434527484
dLQyITISkEELSSGDSLSPDPWk-1,Afadin OS=Mus musculus OX=10090 GN=Afdn PE=1 SV=3,0.039553855,0.149033589,0.268526357,0.490367773,0.408141997
dLyANTVLSGGTTMYPGIADR-1,"Actin, cytoplasmic 1 OS=Mus musculus OX=10090 GN=Actb PE=1 SV=1",0.739116887,0.915265713,1.186680664,1.147998463,1.349544877
dQyLMWLTQk-1,Phosphatidylinositol 3-kinase regulatory subunit alpha OS=Mus musculus OX=10090 GN=Pik3r1 PE=1 SV=2,1.335330131,1.237083292,1.344090758,1.436597317,1.140216862
dRDyDDIDDDDPFNPQAR-1,Protein tweety homolog 2 OS=Mus musculus OX=10090 GN=Ttyh2 PE=1 SV=1,0.430826156,0.506334736,0.989742978,0.938017828,1.032612275
dSNPyATLPR-1,Girdin OS=Mus musculus OX=10090 GN=Ccdc88a PE=1 SV=2,0.062823333,0.072583336,0.123872354,0.177746103,0.272610671
dTLyEAVR-1,60S ribosomal protein L10a OS=Mus musculus OX=10090 GN=Rpl10a PE=1 SV=3,0.376686774,0.315569713,0.458242398,0.507945061,0.422660254
dVFAFGGAVENPEyLAPR-1,Receptor tyrosine-protein kinase erbB-2 OS=Mus musculus OX=10090 GN=Erbb2 PE=1 SV=3,0.148567484,0.747614251,0.863847861,1.071108786,0.673457828
dyEQAGSAAPSVFSR-1,Musculoskeletal embryonic nuclear protein 1 OS=Mus musculus OX=10090 GN=Mustn1 PE=1 SV=1,0.18481759,0.545304674,0.501970677,0.728072978,0.680458575
dyLHLPPEIVPATLR-1,40S ribosomal protein S10 OS=Mus musculus OX=10090 GN=Rps10 PE=1 SV=1,0.580013935,0.430244653,0.508286758,0.644337362,0.509706327
eADPSNFANFSAyPSEEDMIEWAk-1,Epidermal growth factor receptor substrate 15 OS=Mus musculus OX=10090 GN=Eps15 PE=1 SV=1,0.048420926,0.11317421,0.566257056,1.188091417,1.363405049
eALGVESyYSR-1,Tetratricopeptide repeat protein 28 OS=Mus musculus OX=10090 GN=Ttc28 PE=1 SV=3,0.133349359,0.155511524,0.208917602,0.345253191,0.457325142
eATESFASDPILyRPVAVALDTk-1,Pyruvate kinase PKM OS=Mus musculus OX=10090 GN=Pkm PE=1 SV=4,0.986538148,0.809564728,0.758927972,0.803854764,0.648928504
eAVIDyFDVQD-1,Transcriptional repressor NF-X1 OS=Mus musculus OX=10090 GN=Nfx1 PE=1 SV=1,0.394932699,0.506638759,0.495133305,0.828354242,0.68687225
eDPIyDEPEGLAPAPPR-1,Docking protein 1 OS=Mus musculus OX=10090 GN=Dok1 PE=1 SV=2,0.121331941,0.335099643,0.395619951,0.430309239,0.433889696
eETGSEEyMNMDLGPGR-1,Insulin receptor substrate 1 OS=Mus musculus OX=10090 GN=Irs1 PE=1 SV=1,0.30434148,0.278195864,0.687497724,0.641262244,0.596267157
eEYEMkDPTNGyYNVR-1,Kin of IRRE-like protein 1 OS=Mus musculus OX=10090 GN=Kirrel1 PE=1 SV=1,0.69876926,0.684593611,0.755237455,0.826337652,0.900952639
eFLDQyDAPL-1,Suppressor of cytokine signaling 3 OS=Mus musculus OX=10090 GN=Socs3 PE=1 SV=1,0.249805585,0.367516629,0.500778711,0.60435906,0.498726951
eGLyLSDTLPR-1,Pleckstrin homology-like domain family B member 2 OS=Mus musculus OX=10090 GN=Phldb2 PE=1 SV=2,0.053122353,0.262891559,0.446930557,0.437750904,0.412005822
eGLyLSDtLPR-2,Pleckstrin homology-like domain family B member 2 OS=Mus musculus OX=10090 GN=Phldb2 PE=1 SV=2,0.068690686,0.186365693,0.355698292,0.477907156,0.514740582
eHALLAyTLGVk-1,Elongation factor 1-alpha 2 OS=Mus musculus OX=10090 GN=Eef1a2 PE=1 SV=1,1.02688767,1.130329502,1.124197871,0.855836123,1.292561255
eLFDDPsYVNIQNLDk-1,SHC-transforming protein 1 OS=Mus musculus OX=10090 GN=Shc1 PE=1 SV=3,0.163053498,0.965557781,1.16548238,1.27605489,1.114307854
eNPyEDVDLk-1,Suppression of tumorigenicity 5 protein OS=Mus musculus OX=10090 GN=St5 PE=1 SV=1,0.126346985,0.158655931,0.157928045,0.209373654,0.244625482
ePcLHPLEPDEVEyEPR-1,Leucyl-cystinyl aminopeptidase OS=Mus musculus OX=10090 GN=Lnpep PE=1 SV=1,0.370717648,0.310244612,0.548783042,0.511767017,1.106486458
ePPPPyVSA-1,Lysosomal-associated transmembrane protein 4B OS=Mus musculus OX=10090 GN=Laptm4b PE=2 SV=1,0.792256022,0.802042496,0.652825434,0.499337428,1.012824744
ePSSYDFVyHYG-1,Engulfment and cell motility protein 2 OS=Mus musculus OX=10090 GN=Elmo2 PE=1 SV=1,0.32515494,0.522781757,0.657825632,0.853847059,0.660239103
eQNPyEkF-1,Pituitary tumor-transforming gene 1 protein-interacting protein OS=Mus musculus OX=10090 GN=Pttg1ip PE=1 SV=1,0.810459086,0.633543983,0.656050784,0.849378256,0.609485057
eRDyAEIQDFHR-1,Partitioning defective 3 homolog OS=Mus musculus OX=10090 GN=Pard3 PE=1 SV=2,0.670658799,0.579744684,0.877862639,0.890312518,0.937592951
eSEGLyGQPGDETYQDIFR-1,"Arf-GAP with coiled-coil, ANK repeat and PH domain-containing protein 2 OS=Mus musculus OX=10090 GN=Acap2 PE=1 SV=2",0.250694206,0.463710929,0.762567537,1.025919395,0.755743359
eSGWVENEIyY-1,Layilin OS=Mus musculus OX=10090 GN=Layn PE=1 SV=4,0.232285176,0.34350378,0.443663185,0.66851205,0.503063877
eSLMGyR-1,Interferon gamma receptor 1 OS=Mus musculus OX=10090 GN=Ifngr1 PE=1 SV=3,0.356085219,0.357524248,0.349889887,0.394482171,0.427825788
eSLySQLPIDSFTMPSYSR-1,"Phosphatidylinositol 4,5-bisphosphate 3-kinase catalytic subunit alpha isoform OS=Mus musculus OX=10090 GN=Pik3ca PE=1 SV=2",0.545578095,1.080326251,0.615867099,0.845454522,1.011358465
eVcDGWSLPNPEyYTLR-1,Engulfment and cell motility protein 2 OS=Mus musculus OX=10090 GN=Elmo2 PE=1 SV=1,1.268052902,1.17158123,1.302865461,1.200761659,0.873591582
eVDySGLR-1,Protein CDV3 OS=Mus musculus OX=10090 GN=Cdv3 PE=1 SV=2,0.03371095,0.069178984,0.132622424,0.139394652,0.127078356
eVEEPcIyESVR-1,Dual adapter for phosphotyrosine and 3-phosphotyrosine and 3-phosphoinositide OS=Mus musculus OX=10090 GN=Dapp1 PE=1 SV=1,0.048213168,0.192678055,0.44908369,0.593347371,0.636668243
eVESPyEVHDYTR-1,GRB10-interacting GYF protein 2 OS=Mus musculus OX=10090 GN=Gigyf2 PE=1 SV=2,0.485215061,0.414357166,1.028197006,0.67468799,0.815530724
eVGDyGQLHk-1,Tyrosine-protein kinase JAK2 OS=Mus musculus OX=10090 GN=Jak2 PE=1 SV=2,0.252728837,0.166400919,0.335858509,0.484036631,0.55136576
eVGGLyVASR-1,"Arf-GAP with SH3 domain, ANK repeat and PH domain-containing protein 1 OS=Mus musculus OX=10090 GN=Asap1 PE=1 SV=2",0.174926531,0.926837702,1.150819979,1.268596997,1.298848079
eYDQLyEEYTR-1,Phosphatidylinositol 3-kinase regulatory subunit beta OS=Mus musculus OX=10090 GN=Pik3r2 PE=1 SV=2,0.542360864,0.558787183,0.663106905,0.574819757,0.583116652
eYDRLyEEYTR-1,Phosphatidylinositol 3-kinase regulatory subunit alpha OS=Mus musculus OX=10090 GN=Pik3r1 PE=1 SV=2;Phosphatidylinositol 3-kinase regulatory subunit gamma OS=Mus musculus OX=10090 GN=Pik3r3 PE=1 SV=1,0.901074411,0.692287327,0.658500908,0.819640964,0.729275789
eyFTFPASk-1,Afadin OS=Mus musculus OX=10090 GN=Afdn PE=1 SV=3,0.047074855,0.287872308,0.478095613,0.629415806,0.5457674
eyGMIYLGk-1,Staphylococcal nuclease domain-containing protein 1 OS=Mus musculus OX=10090 GN=Snd1 PE=1 SV=1,1.324410267,1.086590467,1.068985898,1.078971448,1.115088673
fANyIDk-1,Vimentin OS=Mus musculus OX=10090 GN=Vim PE=1 SV=3,0.336032903,0.328970959,0.332008346,0.402837214,0.338375486
fANyIDkVR-1,Vimentin OS=Mus musculus OX=10090 GN=Vim PE=1 SV=3,2.295701884,2.134125702,2.596130236,2.234349603,2.53563977
fHyDNTAGISHYLQNSk-1,Vascular endothelial growth factor receptor 2 OS=Mus musculus OX=10090 GN=Kdr PE=1 SV=1,1.20081227,0.901072711,0.979621793,1.424279524,1.060635192
fHyDNTAGISHyLQNSk-2,Vascular endothelial growth factor receptor 2 OS=Mus musculus OX=10090 GN=Kdr PE=1 SV=1,1.548728807,0.976301413,1.274873261,1.531745285,1.510424327
fLENQEQEyVQAVk-1,Annexin A1 OS=Mus musculus OX=10090 GN=Anxa1 PE=1 SV=2,0.061675795,0.278097748,0.463884765,0.65982316,0.729893327
fNEyVEVTDAHDYDR-1,Phosphatase and actin regulator 4 OS=Mus musculus OX=10090 GN=Phactr4 PE=1 SV=2,0.130512274,0.298322468,0.402249867,0.529531779,0.835668929
fNEyVEVTDAHDYDRR-1,Phosphatase and actin regulator 4 OS=Mus musculus OX=10090 GN=Phactr4 PE=1 SV=2,0.203755356,0.378934912,0.496300252,0.900436984,0.978142858
fNISPDEDSSSYSSNSDFNySYPTk-1,Sodium-coupled neutral amino acid transporter 2 OS=Mus musculus OX=10090 GN=Slc38a2 PE=1 SV=1,0.844548182,0.798382173,0.840156423,0.910027602,1.102557198
fNISPDEDSsSYSSNSDFNySYPTk-2,Sodium-coupled neutral amino acid transporter 2 OS=Mus musculus OX=10090 GN=Slc38a2 PE=1 SV=1,0.872650597,0.798771768,0.908326114,1.542836064,1.710551404
fNSHPFPGAAGYPtYR-1,Kin of IRRE-like protein 1 OS=Mus musculus OX=10090 GN=Kirrel1 PE=1 SV=1,0.318541859,1.206605956,1.242975843,1.185759436,0.874506739
fSGFySMQk-1,Cysteine-rich motor neuron 1 protein OS=Mus musculus OX=10090 GN=Crim1 PE=2 SV=2,1.024274512,1.061783777,1.001641002,1.295229727,1.230855819
fSLDSEDVySR-1,SH3 and multiple ankyrin repeat domains protein 2 OS=Mus musculus OX=10090 GN=Shank2 PE=1 SV=2,0.387762448,0.936505115,1.083449209,1.076172955,1.264650205
gASQAGMTGyGMPR-1,Transgelin-3 OS=Mus musculus OX=10090 GN=Tagln3 PE=1 SV=1,0.104307285,0.199467351,0.325354252,0.444250711,0.485195202
gDkQVEyLDLDLDSGk-1,GRB2-associated-binding protein 1 OS=Mus musculus OX=10090 GN=Gab1 PE=1 SV=2,0.116097885,0.790906979,1.132172772,1.242789187,1.027005599
gEPEALyAAVTk-1,Intersectin-2 OS=Mus musculus OX=10090 GN=Itsn2 PE=1 SV=2,0.299933421,0.538930043,0.809697545,1.110420395,0.784590372
gEPNVSyIcSR-1,Glycogen synthase kinase-3 alpha OS=Mus musculus OX=10090 GN=Gsk3a PE=1 SV=2,0.987488592,0.762494578,0.95277439,0.942722043,0.671078496
gEPNVSyIcsR-2,Glycogen synthase kinase-3 alpha OS=Mus musculus OX=10090 GN=Gsk3a PE=1 SV=2,0.700283631,0.664397726,0.80856248,0.923176684,0.809802436
gESAGyMEPYEAQR-1,SH2 domain-containing adapter protein B OS=Mus musculus OX=10090 GN=Shb PE=1 SV=2,0.141440935,0.165343597,0.22928553,0.28470756,0.241016233
gFcyVEFDEVDSLk-1,Eukaryotic translation initiation factor 4H OS=Mus musculus OX=10090 GN=Eif4h PE=1 SV=3,0.269855522,0.245140225,0.386637693,0.522761552,0.663150258
gGDyALAPGSQSSEMSLR-1,"H-2 class I histocompatibility antigen, L-D alpha chain OS=Mus musculus OX=10090 GN=H2-L PE=1 SV=2",1.092910259,1.055220558,1.241410444,1.32302911,1.148483676
gGDyALAPGSQTSDLSLPDck-1,"H-2 class I histocompatibility antigen, K-B alpha chain OS=Mus musculus OX=10090 GN=H2-K1 PE=1 SV=1",1.417981444,0.986172537,1.164943384,1.233743187,1.168401884
gHEyTNIk-1,Tyrosine-protein phosphatase non-receptor type 11 OS=Mus musculus OX=10090 GN=Ptpn11 PE=1 SV=2,0.092171338,0.132275378,0.149892654,0.186116843,0.270772495
gLcTSPAEHQYFMTEyVATR-1,Mitogen-activated protein kinase 7 OS=Mus musculus OX=10090 GN=Mapk7 PE=1 SV=1,0.911138729,0.78494494,1.23616957,1.215283222,1.116312096
gLcTSPAEHQYFMtEyVATR-2,Mitogen-activated protein kinase 7 OS=Mus musculus OX=10090 GN=Mapk7 PE=1 SV=1,1.116418111,1.216453167,1.150339045,1.262744767,1.979558458
gLDVESyESLERPLHk-1,Inactive tyrosine-protein kinase PEAK1 OS=Mus musculus OX=10090 GN=Peak1 PE=1 SV=4,0.553872889,1.068762937,1.25815771,1.250094847,1.444442674
gLLPNQYGQEVYDtPPMAVk-1,Breast cancer anti-estrogen resistance protein 1 OS=Mus musculus OX=10090 GN=Bcar1 PE=1 SV=2,1.945905575,1.183065216,1.407920468,1.17248414,1.005155451
gLVyEDVHR-1,Rho guanine nucleotide exchange factor 10-like protein OS=Mus musculus OX=10090 GN=Arhgef10l PE=1 SV=1,0.903080952,0.368419222,0.894891069,0.7441053,1.065872284
gLyDLPQEPR-1,Docking protein 1 OS=Mus musculus OX=10090 GN=Dok1 PE=1 SV=2,0.269379636,0.599656938,0.866194556,0.888068936,0.680850551
gNLEDDsYSTkDSGETSMLk-1,Metalloreductase STEAP1 OS=Mus musculus OX=10090 GN=Steap1 PE=1 SV=2,0.374643752,0.373381373,0.433135002,0.69618612,0.458012818
gPISEEGLGASVMSLSSENPyATIR-1,Platelet endothelial aggregation receptor 1 OS=Mus musculus OX=10090 GN=Pear1 PE=1 SV=1,0.679261899,0.484487727,0.910368892,0.917837761,0.674588573
gPLDGsPYAQVQR-1,Tensin-2 OS=Mus musculus OX=10090 GN=Tns2 PE=1 SV=1,0.633853894,0.693772897,0.858147506,0.901535647,0.662315776
gPLNGDTDyFGQQFDQLSNR-1,Disabled homolog 2 OS=Mus musculus OX=10090 GN=Dab2 PE=1 SV=2,0.073229779,0.256577005,0.434547031,0.6273462,0.662264411
gQESEyGNITYPPAVR-1,Tyrosine-protein phosphatase non-receptor type 6 OS=Mus musculus OX=10090 GN=Ptpn6 PE=1 SV=2,0.1094328,0.197522048,0.496873035,0.400451329,0.217294132
gRGDyDGIGGR-1,ATP-dependent RNA helicase DDX3X OS=Mus musculus OX=10090 GN=Ddx3x PE=1 SV=3,0.044509044,0.072960268,0.13019472,0.17155146,0.217293458
gSHQISLDNPDyQQDFFPk-1,Epidermal growth factor receptor OS=Homo sapiens OX=9606 GN=EGFR PE=1 SV=2,0.049224383,0.435427073,0.469058434,0.807273781,0.709103244
gSHQIsLDNPDyQQDFFPk-2,Epidermal growth factor receptor OS=Homo sapiens OX=9606 GN=EGFR PE=1 SV=2,0.064427206,0.069842866,0.075992416,0.09483563,0.068551521
gySFTTTAER-1,"Actin, cytoplasmic 1 OS=Mus musculus OX=10090 GN=Actb PE=1 SV=1",0.162770473,0.151844365,0.224327084,0.198994279,0.235025778
gYSyDDIPDFDD-1,Transmembrane protein 230 OS=Mus musculus OX=10090 GN=Tmem230 PE=1 SV=1,0.849099789,0.891794126,1.185943444,1.225758396,1.245615784
gyYSPYSVSGSGSTAGSR-1,Plectin OS=Mus musculus OX=10090 GN=Plec PE=1 SV=3,0.048849305,0.162492555,0.223302256,0.445665418,0.719294303
hELQANcyEEVkDR-1,Cofilin-1 OS=Mus musculus OX=10090 GN=Cfl1 PE=1 SV=3,0.144552203,0.165334936,0.167298367,0.21142829,0.251015292
hIDRVyHDDTLVGR-1,Uncharacterized protein KIAA1522 OS=Mus musculus OX=10090 GN=Kiaa1522 PE=1 SV=1,0.116720051,0.202908167,0.373134367,0.290787121,0.437568313
hLLAPGPQDIyDVPPVR-1,Breast cancer anti-estrogen resistance protein 1 OS=Mus musculus OX=10090 GN=Bcar1 PE=1 SV=2,0.399945016,0.60311968,0.81849592,0.701836797,0.722393484
hPGGGDyEEL-1,Rab-like protein 6 OS=Mus musculus OX=10090 GN=Rabl6 PE=1 SV=2,0.447408869,0.477992484,0.3638313,0.409102159,0.638232161
hTDDEmTGyVATR-1,Mitogen-activated protein kinase 14 OS=Mus musculus OX=10090 GN=Mapk14 PE=1 SV=3,0.274901729,0.289539701,0.336363209,0.417598639,0.592417686
hTDDEMtGyVATR-2,Mitogen-activated protein kinase 14 OS=Mus musculus OX=10090 GN=Mapk14 PE=1 SV=3,0.402729842,0.512036659,0.449017837,0.567149396,0.847541981
hYEDGYPGGSDNyGSLSR-1,Catenin delta-1 OS=Mus musculus OX=10090 GN=Ctnnd1 PE=1 SV=2,0.186076538,0.221817273,0.259998223,0.271492672,0.330641068
hYEDGYPGGSDNyGsLSR-2,Catenin delta-1 OS=Mus musculus OX=10090 GN=Ctnnd1 PE=1 SV=2,0.246671339,0.179776299,0.256735215,0.225251272,0.293918739
hYEEIPEyENLPFVMAGR-1,"FYVE, RhoGEF and PH domain-containing protein 6 OS=Mus musculus OX=10090 GN=Fgd6 PE=1 SV=2",0.261316202,0.548277316,0.676435115,0.576530271,1.167761476
hyEFPS-1,Protein tweety homolog 2 OS=Mus musculus OX=10090 GN=Ttyh2 PE=1 SV=1,0.281272575,0.347189793,0.340618185,0.43031869,0.442647525
hYNGEAyEDDEHHPR-1,DnaJ homolog subfamily A member 1 OS=Mus musculus OX=10090 GN=Dnaja1 PE=1 SV=1,0.50996739,0.823138273,0.941650721,0.58489655,0.958450155
iADPEHDHTGFLTEyVATR-1,Mitogen-activated protein kinase 3 OS=Mus musculus OX=10090 GN=Mapk3 PE=1 SV=5,0.424155558,0.347768988,0.822379704,0.943281298,0.757899598
iADPEHDHTGFLtEyVATR-2,Mitogen-activated protein kinase 3 OS=Mus musculus OX=10090 GN=Mapk3 PE=1 SV=5,0.189442101,0.254417581,0.406855415,1.379435108,1.690910688
iADPEHDHtGFLtEyVATR-3,Mitogen-activated protein kinase 3 OS=Mus musculus OX=10090 GN=Mapk3 PE=1 SV=5,0.273151221,0.311905324,0.529872236,1.308386452,1.440386886
iAIyELLFk-1,40S ribosomal protein S10 OS=Mus musculus OX=10090 GN=Rps10 PE=1 SV=1,0.757023108,0.662999808,0.685033377,0.808339738,0.57776314
iEDPVyGVYYVDHINR-1,"Membrane-associated guanylate kinase, WW and PDZ domain-containing protein 1 OS=Mus musculus OX=10090 GN=Magi1 PE=1 SV=1",0.548402246,1.013303945,0.606475762,0.936146337,0.98693024
iFPLRPDyQEPSR-1,Discoidin domain-containing receptor 2 OS=Mus musculus OX=10090 GN=Ddr2 PE=1 SV=2,1.178953625,0.933284558,1.157918922,1.574163506,1.544634786
iGEGTyGIVyRAR-2,Cyclin-dependent kinase 10 OS=Mus musculus OX=10090 GN=Cdk10 PE=1 SV=1,1.132998923,0.862951049,0.820752834,1.107686191,0.977054774
iGEGTyGVVYk-1,Cyclin-dependent kinase 1 OS=Mus musculus OX=10090 GN=Cdk1 PE=1 SV=3,1.014370583,0.88245298,0.941279512,1.013526028,0.84774183
iGEGtyGVVYk-2,Cyclin-dependent kinase 1 OS=Mus musculus OX=10090 GN=Cdk1 PE=1 SV=3,0.620202758,0.691919756,0.651296079,0.880657299,0.773427546
iGEGTyGVVYkGR-1,Cyclin-dependent kinase 1 OS=Mus musculus OX=10090 GN=Cdk1 PE=1 SV=3,0.545830478,0.411410439,0.562883525,0.500364361,0.39136892
iGTAEPDyGALYEGR-1,"1-phosphatidylinositol 4,5-bisphosphate phosphodiesterase gamma-1 OS=Mus musculus OX=10090 GN=Plcg1 PE=1 SV=2",0.08731407,0.336991728,0.49932744,0.538112752,0.477319315
iGTAEPDYGALyEGRNPGFyVEANPMPTFk-2,"1-phosphatidylinositol 4,5-bisphosphate phosphodiesterase gamma-1 OS=Mus musculus OX=10090 GN=Plcg1 PE=1 SV=2",0.139101907,0.378676122,0.480067667,0.962959929,0.624185832
ikEEyEVAEMGAPHGSASVR-1,Interferon-induced transmembrane protein 3 OS=Mus musculus OX=10090 GN=Ifitm3 PE=1 SV=1,1.706331266,1.257743642,1.734009846,1.733734966,1.515594533
iPEkEPPPPyLPA-1,Lysosomal-associated transmembrane protein 4A OS=Mus musculus OX=10090 GN=Laptm4a PE=1 SV=1,1.410925175,1.230532017,1.338621914,1.614177145,1.389475784
iPPGPSQDSVySDPLGSTPAGAGEGVHSk-1,Docking protein 1 OS=Mus musculus OX=10090 GN=Dok1 PE=1 SV=2,0.141898346,0.584520904,0.897377709,1.115845152,0.702212037
iQSSAPQEEEEHPyELLLTAETk-1,Ankyrin repeat and SAM domain-containing protein 1A OS=Mus musculus OX=10090 GN=Anks1a PE=1 SV=3,0.541274991,0.971671937,1.300645444,1.401691037,0.679656235
iQsSAPQEEEEHPyELLLTAETk-2,Ankyrin repeat and SAM domain-containing protein 1A OS=Mus musculus OX=10090 GN=Anks1a PE=1 SV=3,0.578359923,0.630720456,0.759338237,1.0284905,1.37860838
iQsSAPQEEEEHPyELLLTAETkk-2,Ankyrin repeat and SAM domain-containing protein 1A OS=Mus musculus OX=10090 GN=Anks1a PE=1 SV=3,0.915028486,1.024049549,1.728826371,2.09157421,2.531646105
iSSQGNLIPARPAPAPPLySSLT-1,Disintegrin and metalloproteinase domain-containing protein 9 OS=Mus musculus OX=10090 GN=Adam9 PE=1 SV=2,0.543675399,0.687845415,0.774629786,1.04903184,0.945275906
iTNDyIF-1,Keratinocyte-associated transmembrane protein 2 OS=Mus musculus OX=10090 GN=Kct2 PE=1 SV=2,1.444687708,1.53642849,1.693578892,1.848858271,1.279886459
iYQyIQSR-1,Dual specificity tyrosine-phosphorylation-regulated kinase 1A OS=Mus musculus OX=10090 GN=Dyrk1a PE=1 SV=1,0.604760096,0.635522285,0.634928678,0.726919422,0.711902444
kADGPRPSLDyVELSPLAPSSPQR-1,TRIO and F-actin-binding protein OS=Mus musculus OX=10090 GN=Triobp PE=1 SV=3,0.14919182,0.264547732,0.485200732,0.685521259,0.863736209
kADGPRPSLDyVELSPLAPSsPQR-2,TRIO and F-actin-binding protein OS=Mus musculus OX=10090 GN=Triobp PE=1 SV=3,0.08435036,0.269238153,0.626526034,0.741630127,0.777641095
kAPTNEFyA-1,Syndecan-4 OS=Mus musculus OX=10090 GN=Sdc4 PE=1 SV=1,0.870300009,0.718713662,0.72699533,0.881506863,0.666733017
kDASSQDcyDIPR-1,GRB2-associated-binding protein 1 OS=Mus musculus OX=10090 GN=Gab1 PE=1 SV=2,0.162807048,0.504549337,0.685574211,0.715450378,0.244518203
kLAEGSAyEEVPTSVMYSENDISNSIk-1,"1-phosphatidylinositol 4,5-bisphosphate phosphodiesterase gamma-1 OS=Mus musculus OX=10090 GN=Plcg1 PE=1 SV=2",0.057214648,0.237357347,0.463230554,0.783707331,0.772539092
kLDNGGyYITTR-1,Tyrosine-protein kinase Yes OS=Mus musculus OX=10090 GN=Yes1 PE=1 SV=3,1.028870478,1.028729048,1.133151479,1.20111579,1.296407782
kLDTTESVGIyQGFEk-1,Protein kinase C delta type OS=Mus musculus OX=10090 GN=Prkcd PE=1 SV=3,0.11282343,0.217062893,0.252832142,0.476897768,0.585645071
kLsIGQyDNDAASQVTFSk-2,Tensin-3 OS=Mus musculus OX=10090 GN=Tns3 PE=1 SV=1,0.131532293,0.150063966,0.278009892,0.431244468,0.635533058
kLYGDTDyLEER-1,CTP synthase 1 OS=Mus musculus OX=10090 GN=Ctps1 PE=1 SV=2,0.535811995,0.521786548,0.570592171,0.564004057,0.557691708
kSTGSVDyLALDFQPGsPSPHR-2,GRB2-associated-binding protein 2 OS=Mus musculus OX=10090 GN=Gab2 PE=1 SV=2,0.292294792,0.445148684,0.895470772,0.884528611,0.865448912
kTPQGPPEIySDTQFPSLQSTAk-1,Protein CDV3 OS=Mus musculus OX=10090 GN=Cdv3 PE=1 SV=2,0.081635297,0.347688181,0.400185578,0.618838939,0.601447982
kTVTyEDPQAVGGLASALDNR-1,TOM1-like protein 2 OS=Mus musculus OX=10090 GN=Tom1l2 PE=1 SV=1,0.107916293,0.137311186,0.374600393,0.610601089,0.739438366
lASTDDGyIDLQFk-1,Transmembrane protein 230 OS=Mus musculus OX=10090 GN=Tmem230 PE=1 SV=1,1.697881724,1.145201024,0.830811021,1.511339444,1.326845719
lcDFGSASHVADNDITPyLVSR-1,Serine/threonine-protein kinase PRP4 homolog OS=Mus musculus OX=10090 GN=Prpf4b PE=1 SV=3,1.062022756,0.986529736,0.855922396,0.795516539,0.742162649
lDADyPLR-1,Density-regulated protein OS=Mus musculus OX=10090 GN=Denr PE=1 SV=1,0.017428712,0.062746229,0.141736622,0.220878698,0.433540904
lDSEyYcFG-1,Leucine rich adaptor protein 1-like OS=Mus musculus OX=10090 GN=Lurap1l PE=1 SV=1,0.195582302,0.445444585,0.691919705,0.710018425,0.706548104
lDSEyycFG-2,Leucine rich adaptor protein 1-like OS=Mus musculus OX=10090 GN=Lurap1l PE=1 SV=1,0.279861695,0.290897294,0.393371541,0.371873371,0.479120087
lEDYFETDcSySDTNNFIN-1,Tyrosine-protein kinase FRK OS=Mus musculus OX=10090 GN=Frk PE=1 SV=3,0.849143073,0.942253276,1.079953874,1.599807802,1.246234421
lGAAPEEESAyVAGER-1,NSFL1 cofactor p47 OS=Mus musculus OX=10090 GN=Nsfl1c PE=1 SV=1,0.091446053,0.341005201,0.33027943,0.654321817,0.619508918
lGEGTyATVYk-1,Cyclin-dependent kinase 17 OS=Mus musculus OX=10090 GN=Cdk17 PE=1 SV=2,0.945638341,0.772263651,0.92473216,0.985815386,0.826019109
lGEGtyATVYk-2,Cyclin-dependent kinase 17 OS=Mus musculus OX=10090 GN=Cdk17 PE=1 SV=2,0.564222689,0.582483837,0.608365927,0.78814239,0.821602675
lGEyGFQNAILVR-1,Serum albumin OS=Mus musculus OX=10090 GN=Alb PE=1 SV=3,0.632044108,1.050284593,1.096311983,0.950273857,0.958450726
lGLLSQESADGySHLR-1,Ankycorbin OS=Mus musculus OX=10090 GN=Rai14 PE=1 SV=1,0.255062221,0.310081601,0.493054998,0.65348334,0.842694044
lHPDyIPQEELQR-1,MICAL-like protein 2 OS=Mus musculus OX=10090 GN=Micall2 PE=1 SV=1,0.277032712,0.42680297,1.180134961,1.01306391,0.946958162
lISWYDNEyGYSNR-1,Glyceraldehyde-3-phosphate dehydrogenase OS=Mus musculus OX=10090 GN=Gapdh PE=1 SV=2,0.628901951,0.837892625,0.877699103,1.223758927,0.997257375
lkEEGYELPYNPATDDyAVPPPR-1,Docking protein 1 OS=Mus musculus OX=10090 GN=Dok1 PE=1 SV=2,0.116233603,0.678542414,0.900658289,0.739801925,0.345405392
lkEEGyELPYNPATDDyAVPPPR-2,Docking protein 1 OS=Mus musculus OX=10090 GN=Dok1 PE=1 SV=2,0.05360803,0.318657961,0.55306669,0.558557032,0.356048672
lLGEIAQGNENyAGIAAR-1,Talin-1 OS=Mus musculus OX=10090 GN=Tln1 PE=1 SV=2,0.601867058,0.492175925,0.656965744,0.820906411,0.625737959
lLGPGVNySGcQITWAk-1,Signal transducer and activator of transcription 3 OS=Mus musculus OX=10090 GN=Stat3 PE=1 SV=2,0.052857666,0.199968821,0.397181993,0.417805433,0.284259087
lLPEFDDSDyDDVPEEGPGAPASVMTk-1,"Arf-GAP with Rho-GAP domain, ANK repeat and PH domain-containing protein 1 OS=Mus musculus OX=10090 GN=Arap1 PE=1 SV=2",0.24707206,0.796284473,1.146040744,1.118658093,0.915804584
lLPEFDDsDyDDVPEEGPGAPASVMTk-2,"Arf-GAP with Rho-GAP domain, ANK repeat and PH domain-containing protein 1 OS=Mus musculus OX=10090 GN=Arap1 PE=1 SV=2",0.255721701,1.477593024,1.624401797,1.680361183,1.349173026
lNEWLGNENTEDQySLVEDDEDLPHHDEk-1,Phosphatidylinositol 3-kinase regulatory subunit alpha OS=Mus musculus OX=10090 GN=Pik3r1 PE=1 SV=2,0.18527934,0.514628284,0.789508156,0.93109993,0.713408402
lNMGEIETLDDy-1,GRB10-interacting GYF protein 2 OS=Mus musculus OX=10090 GN=Gigyf2 PE=1 SV=2,0.212184624,0.358036108,0.549614188,0.806236365,1.586900313
lPQDDDRPADEyDQPWEWNR-1,SH2 domain-containing adapter protein B OS=Mus musculus OX=10090 GN=Shb PE=1 SV=2,0.164515908,0.478347385,0.692075599,0.782716254,0.729269352
lQELySEQk-1,Pleckstrin homology-like domain family B member 2 OS=Mus musculus OX=10090 GN=Phldb2 PE=1 SV=2,0.013711888,0.104682162,0.149107694,0.197855224,0.142577056
lQLDNQyAVLENQk-1,Protein CDV3 OS=Mus musculus OX=10090 GN=Cdv3 PE=1 SV=2,0.058084566,0.305429894,0.395250285,0.620932816,0.532802788
lQPFHSTELEDDAIySVHVPAGLYR-1,ARF GTPase-activating protein GIT1 OS=Mus musculus OX=10090 GN=Git1 PE=1 SV=1,1.22542795,0.924601289,1.830512874,1.48348165,0.779923608
lSADSGyIIPLPDIDPVPEEEDLGkR-1,Platelet-derived growth factor receptor alpha OS=Mus musculus OX=10090 GN=Pdgfra PE=1 SV=3,0.934660416,0.762555872,0.916773241,1.208550761,1.026914026
lSHSSGyAQLNTYSR-1,Kin of IRRE-like protein 1 OS=Mus musculus OX=10090 GN=Kirrel1 PE=1 SV=1,0.316882427,0.406973265,0.655651687,0.923529346,1.024089619
lSLEGDHSTPPSAyGSVkPYTNFDAER-1,Annexin A2 OS=Mus musculus OX=10090 GN=Anxa2 PE=1 SV=2,0.619681455,0.383828508,0.396091655,0.721230942,0.618210497
lTDSkEDPIyDEPEGLAPAPPR-1,Docking protein 1 OS=Mus musculus OX=10090 GN=Dok1 PE=1 SV=2,0.14052226,0.464984743,0.645978371,0.739368966,0.622175397
lTSVSGESSLyNLPR-1,GRB2-associated-binding protein 1 OS=Mus musculus OX=10090 GN=Gab1 PE=1 SV=2,0.344102837,1.112902691,1.364004381,1.324032562,0.792018816
lVGMDPEQASVANQSDyVR-1,Palmitoyltransferase ZDHHC20 OS=Mus musculus OX=10090 GN=Zdhhc20 PE=1 SV=1,0.50456585,0.635609456,0.736721275,1.055379366,1.058273563
lVQSPNSyFMDVk-1,40S ribosomal protein S27 OS=Mus musculus OX=10090 GN=Rps27 PE=1 SV=3,1.251952395,1.044874544,1.177565087,1.23730778,1.127913156
lyDLNMPAFVk-1,Cytoplasmic protein NCK1 OS=Mus musculus OX=10090 GN=Nck1 PE=1 SV=1,0.385247832,0.276006181,0.363722806,0.510157166,0.631371443
lyEWISIDkDDTGAk-1,"Phosphatidylinositol 3,4,5-trisphosphate 5-phosphatase 2 OS=Mus musculus OX=10090 GN=Inppl1 PE=1 SV=1",1.135687115,0.759442017,0.956986104,1.386993442,1.689286807
mAGFDGSAWDEEEEEPPDHQyyNDFPGk-2,SHC-transforming protein 1 OS=Mus musculus OX=10090 GN=Shc1 PE=1 SV=3,0.086250777,0.418967443,0.504895287,0.572951668,0.652350799
mAGFDGSAWDEEEEEPPDHQyYNDFPGkEPPLGGVVDMR-1,SHC-transforming protein 1 OS=Mus musculus OX=10090 GN=Shc1 PE=1 SV=3,1.015092884,3.81186382,2.750118657,1.96375603,1.628415085
mDyVEINIDHk-1,Vigilin OS=Mus musculus OX=10090 GN=Hdlbp PE=1 SV=1,0.887103269,0.824058267,0.763804731,0.850719422,0.918546689
mHLPSPTDSNFyR-1,Epidermal growth factor receptor OS=Homo sapiens OX=9606 GN=EGFR PE=1 SV=2,0.179615809,0.219370295,0.38585207,0.557007664,0.495365003
mHLPsPTDSNFyR-2,Epidermal growth factor receptor OS=Homo sapiens OX=9606 GN=EGFR PE=1 SV=2,0.173432693,0.245352014,0.3244672,0.345501949,0.755797327
mQNHGYENPTyk-1,Amyloid-like protein 2 OS=Mus musculus OX=10090 GN=Aplp2 PE=1 SV=4,0.409686965,0.247807275,0.359856348,0.435297574,0.347875148
mQQNGYENPtYkFFEQMQN-1,Amyloid-beta A4 protein OS=Mus musculus OX=10090 GN=App PE=1 SV=3,0.650503437,0.740293436,1.067092257,1.026070797,0.99700476
mVEPENAVTITPLRPEDDySPR-1,Protein scribble homolog OS=Mus musculus OX=10090 GN=Scrib PE=1 SV=2,0.199992373,0.314769479,0.404214376,0.685168607,0.420178907
nAIkVPIVINPNAyDNLAIYk-1,Inactive tyrosine-protein kinase PEAK1 OS=Mus musculus OX=10090 GN=Peak1 PE=1 SV=4,1.813730929,1.73164856,1.93423063,2.211514632,2.435966789
nAIkVPIVINPNAyDNLAIyk-2,Inactive tyrosine-protein kinase PEAK1 OS=Mus musculus OX=10090 GN=Peak1 PE=1 SV=4,1.763396098,1.397188651,1.756687712,2.188997969,1.9135538
nASTFEEVVQVPsAYQk-1,Src substrate cortactin OS=Mus musculus OX=10090 GN=Cttn PE=1 SV=2,0.335360316,0.440799618,0.610230515,0.852333155,0.578131179
nDPSVSVDyNTTEPAVR-1,Tensin-2 OS=Mus musculus OX=10090 GN=Tns2 PE=1 SV=1,0.272800917,0.36124348,0.74637172,0.724512679,0.701430895
nEDSDESyFINEEDENLPHYDEk-1,Phosphatidylinositol 3-kinase regulatory subunit gamma OS=Mus musculus OX=10090 GN=Pik3r3 PE=1 SV=1,0.182942559,0.637955842,0.963009553,0.896827649,0.852496668
nEEENIYsVPHDSTQGk-1,Rho GTPase-activating protein 35 OS=Mus musculus OX=10090 GN=Arhgap35 PE=1 SV=3,0.600450674,0.546390641,0.549232585,0.548399872,0.452184273
nETEDQySLmEDEDALPHHEER-1,Phosphatidylinositol 3-kinase regulatory subunit beta OS=Mus musculus OX=10090 GN=Pik3r2 PE=1 SV=2,0.326810419,0.49728339,0.761655359,0.786901184,0.840209003
nGDVSQFPyVEFTGR-1,Transmembrane protein 106B OS=Mus musculus OX=10090 GN=Tmem106b PE=1 SV=1,1.143520189,1.04007167,1.52050414,1.595374669,1.557396425
nINSINFDNPVyQk-1,Low-density lipoprotein receptor OS=Mus musculus OX=10090 GN=Ldlr PE=1 SV=2,1.591022669,1.382130698,1.5776124,1.914689681,1.952442079
nkDQGTYEDyVEGLR-1,Myosin light polypeptide 6 OS=Mus musculus OX=10090 GN=Myl6 PE=1 SV=3,0.210431423,0.629975363,0.922449056,1.05071677,1.131247677
nLSALENyNFELVDGVk-1,Neuropilin-1 OS=Mus musculus OX=10090 GN=Nrp1 PE=1 SV=2,2.232908651,2.055769002,1.851556496,1.763220437,1.527369195
nLSEGNNANYTEyVATR-1,Cyclin-dependent kinase-like 5 OS=Mus musculus OX=10090 GN=Cdkl5 PE=1 SV=1,0.597536832,1.023551357,1.253961265,1.14910635,1.39055154
nLYSGDyYR-1,Discoidin domain-containing receptor 2 OS=Mus musculus OX=10090 GN=Ddr2 PE=1 SV=2,0.884322489,0.764848063,0.879414404,1.10668482,0.866880315
nMDDyEDFDEkR-1,LMBR1 domain-containing protein 2 OS=Mus musculus OX=10090 GN=Lmbrd2 PE=1 SV=1,0.599970939,0.526521743,0.728843966,0.822699019,0.812597012
nPGFyVEANPMPTFk-1,"1-phosphatidylinositol 4,5-bisphosphate phosphodiesterase gamma-1 OS=Mus musculus OX=10090 GN=Plcg1 PE=1 SV=2",0.143617925,0.522888372,0.696195421,0.880138832,0.679759919
nPGNQAAyEHFETMk-1,Vinculin OS=Mus musculus OX=10090 GN=Vcl PE=1 SV=4,0.902714058,0.87122262,0.939648204,0.981533811,1.072907523
nSFNNPAyYVLEGVPHQLLPLEPPSLAR-1,"Phosphatidylinositol 3,4,5-trisphosphate 5-phosphatase 2 OS=Mus musculus OX=10090 GN=Inppl1 PE=1 SV=1",0.308546651,0.617156965,0.759021068,0.912703855,1.028096872
nSQEAEVAcPFIDSTyScPGk-1,RanBP-type and C3HC4-type zinc finger-containing protein 1 OS=Mus musculus OX=10090 GN=Rbck1 PE=1 SV=2,0.175248112,0.320262964,0.43287625,1.052910262,2.693915771
nTEFyHIPTHSDASk-1,PDZ and LIM domain protein 5 OS=Mus musculus OX=10090 GN=Pdlim5 PE=1 SV=4,0.184962067,0.312697986,0.475677391,0.649196401,0.629438806
nVPEIAVYPAFETPPQyVLPTYEMAVk-1,Lysosomal-associated transmembrane protein 4A OS=Mus musculus OX=10090 GN=Laptm4a PE=1 SV=1,2.136012058,1.76271382,2.077384549,2.269789157,2.105449251
nVPEIAVYPAFETPPQyVLPTyEMAVk-2,Lysosomal-associated transmembrane protein 4A OS=Mus musculus OX=10090 GN=Laptm4a PE=1 SV=1,2.485888046,2.138708412,2.1238636,2.716409396,1.999039195
nyGSYSTQASAAAATAELLk-1,Secretory carrier-associated membrane protein 3 OS=Mus musculus OX=10090 GN=Scamp3 PE=1 SV=3,0.357716273,0.438464866,0.566680869,0.882016868,0.849890606
qADTTQyVPMLER-1,Platelet-derived growth factor receptor alpha OS=Mus musculus OX=10090 GN=Pdgfra PE=1 SV=3,0.82441518,0.759587587,0.970821592,1.03947207,0.83871015
qASEQNWANySAEQNR-1,Gap junction alpha-1 protein OS=Mus musculus OX=10090 GN=Gja1 PE=1 SV=2,0.410836154,0.468736781,0.534372825,0.686347257,0.697670209
qEEAEyVR-1,Adapter molecule crk OS=Mus musculus OX=10090 GN=Crk PE=1 SV=1,0.030915344,0.081743007,0.107646408,0.119756136,0.358818635
qETEVELyNEFPEPIkLDk-1,Ras-related protein Rab-7a OS=Mus musculus OX=10090 GN=Rab7a PE=1 SV=2,0.209014122,0.208715578,0.335991029,0.33764744,0.504302556
qGAEGAPSPNyDDDDDERADDSLFmmk-1,E3 ubiquitin-protein ligase CBL OS=Mus musculus OX=10090 GN=Cbl PE=1 SV=3,0.423304805,1.140724207,1.804161171,1.907731789,1.058009003
qGkDyVGELSVDLk-1,Vascular endothelial growth factor receptor 2 OS=Mus musculus OX=10090 GN=Kdr PE=1 SV=1,1.134041412,0.813694652,0.830391435,1.104413109,1.061360811
qHHDEyEDEIR-1,Carboxypeptidase D OS=Mus musculus OX=10090 GN=Cpd PE=1 SV=2,0.367879308,0.191589074,0.418930227,0.464216098,0.434525047
qLEyQQFEDDkLSQR-1,Band 4.1-like protein 3 OS=Mus musculus OX=10090 GN=Epb41l3 PE=1 SV=1,0.060449277,0.35647736,0.465975749,0.565529426,0.439218711
qNHLQADNFyQTV-1,Cysteine-rich motor neuron 1 protein OS=Mus musculus OX=10090 GN=Crim1 PE=2 SV=2,0.720877239,0.942776026,1.377790345,1.106335454,0.667899408
qQNLASyDYVR-1,Plectin OS=Mus musculus OX=10090 GN=Plec PE=1 SV=3,1.109119106,1.219624173,1.481012867,1.302746768,1.4138788
qQQMVAAHQySFASDGEAR-1,Tensin-3 OS=Mus musculus OX=10090 GN=Tns3 PE=1 SV=1,0.220835206,0.518496324,0.61454541,0.560103229,0.878296762
qTGHTLLEDyQIVERPQR-1,Spartin OS=Mus musculus OX=10090 GN=Spart PE=1 SV=1,0.233667899,0.254791279,0.71285856,0.943558195,1.086797893
qVEyLDLDLDSGk-1,GRB2-associated-binding protein 1 OS=Mus musculus OX=10090 GN=Gab1 PE=1 SV=2,0.05202279,0.480795911,0.587428007,0.603489659,0.554056721
qyFDQYPR-1,Tight junction protein ZO-1 OS=Mus musculus OX=10090 GN=Tjp1 PE=1 SV=2,0.087203108,0.145713169,0.228637383,0.399512083,0.507420484
rAEDGSVIDyELIDQDAR-1,Annexin A2 OS=Mus musculus OX=10090 GN=Anxa2 PE=1 SV=2,0.415544926,0.500670637,0.675279868,1.074614375,1.223262793
rDNEVDGQDyHFVVSR-1,Disks large homolog 3 OS=Mus musculus OX=10090 GN=Dlg3 PE=1 SV=1,0.208895735,0.242551256,0.391469733,0.512274879,1.306892277
rGDyDNLEGLSWVDYGER-1,Solute carrier family 12 member 4 OS=Mus musculus OX=10090 GN=Slc12a4 PE=1 SV=2,0.532776235,0.572534926,0.708746716,0.576893756,0.743031324
rPALLNyENLPSLPPVWEAR-1,Fibroblast growth factor receptor substrate 2 OS=Mus musculus OX=10090 GN=Frs2 PE=1 SV=3,0.381562342,0.44188954,0.389425848,0.716716776,0.563909002
rPGPGTLyDVPR-1,Breast cancer anti-estrogen resistance protein 1 OS=Mus musculus OX=10090 GN=Bcar1 PE=1 SV=2,2.154242396,1.817697906,2.082524753,1.632111577,0.72977024
rPPGLEycYNPSHNPEEQLSSk-1,Fibroblast growth factor receptor 1 OS=Mus musculus OX=10090 GN=Fgfr1 PE=1 SV=2,0.868104341,0.902278562,0.919082999,1.362838332,0.940988135
rTEGDyLSYR-1,Erbin OS=Mus musculus OX=10090 GN=Erbin PE=1 SV=3,0.128026139,0.364200028,0.418993025,0.513176408,0.377530761
sAFSNLFGGEPLSYtR-1,Transferrin receptor protein 1 OS=Mus musculus OX=10090 GN=Tfrc PE=1 SV=1,0.508646986,0.960346626,1.021751341,1.240750837,1.045826062
scTTLENYNFELyDGLk-1,Neuropilin-2 OS=Mus musculus OX=10090 GN=Nrp2 PE=1 SV=2,1.415606709,1.372347561,1.65820913,1.628779217,1.309087186
sEyELSIPDSGR-1,Serine/threonine-protein kinase N2 OS=Mus musculus OX=10090 GN=Pkn2 PE=1 SV=3,0.052384825,0.20142302,0.350475545,0.458244229,0.414035472
sFLDSGyR-1,Vinculin OS=Mus musculus OX=10090 GN=Vcl PE=1 SV=4,1.09138707,0.951129334,0.918557453,1.099922909,0.81913209
sFQNyIR-1,Ras GTPase-activating protein 3 OS=Mus musculus OX=10090 GN=Rasa3 PE=1 SV=2,0.044922731,0.148993882,0.282036807,0.424332445,0.32201987
sGFEPPGDFPFEDYSQHIyR-1,Formin-binding protein 1-like OS=Mus musculus OX=10090 GN=Fnbp1l PE=1 SV=2,0.407018806,0.511096732,1.050556975,0.857440617,0.821159604
sGPLEAcyAELDQSR-1,Myotubularin-related protein 10 OS=Mus musculus OX=10090 GN=Mtmr10 PE=1 SV=2,0.180958841,0.230185409,0.454636174,0.490617987,0.549590541
sHGQyFVALFDYQAR-1,Tyrosine-protein kinase FRK OS=Mus musculus OX=10090 GN=Frk PE=1 SV=3,0.318718561,0.52167404,0.50077464,0.838823713,0.996410921
sHyADVDPENQNFLLESNLGk-1,Sodium-coupled neutral amino acid transporter 2 OS=Mus musculus OX=10090 GN=Slc38a2 PE=1 SV=1,1.207360752,1.090902853,1.044613776,1.413702684,1.074934335
sHyADVDPENQNFLLESNLGkk-1,Sodium-coupled neutral amino acid transporter 2 OS=Mus musculus OX=10090 GN=Slc38a2 PE=1 SV=1,2.743524215,2.649656797,3.711036697,3.665127389,3.043003105
skESGWVENEIyY-1,Layilin OS=Mus musculus OX=10090 GN=Layn PE=1 SV=4,0.232340653,0.59686112,0.995721977,1.630167168,0.979898087
skSEyELSIPDSGR-1,Serine/threonine-protein kinase N2 OS=Mus musculus OX=10090 GN=Pkn2 PE=1 SV=3,0.061319328,0.191764274,0.343179691,0.353210474,0.311897901
sLNyIDLDLAk-1,Insulin receptor substrate 1 OS=Mus musculus OX=10090 GN=Irs1 PE=1 SV=1,0.334855857,0.992015022,1.200321761,1.136238609,0.613609693
sLYVAEyHSEPAEDEkP-1,Probable ATP-dependent RNA helicase DDX6 OS=Mus musculus OX=10090 GN=Ddx6 PE=1 SV=1,0.17670563,0.133559203,0.317387515,0.613303025,0.802448484
sLYyYIQQDTk-1,Annexin A2 OS=Mus musculus OX=10090 GN=Anxa2 PE=1 SV=2,1.553605163,0.481836214,1.088505639,1.170981403,1.173028147
sMGyDDLDYGMMSDYGTAR-1,Catenin delta-1 OS=Mus musculus OX=10090 GN=Ctnnd1 PE=1 SV=2,0.1822182,0.604015752,0.893039275,0.952637586,0.968881767
sMSSSPWMPQDGFDPSDyAEPMDAVVkPR-1,Rho GTPase-activating protein 35 OS=Mus musculus OX=10090 GN=Arhgap35 PE=1 SV=3,0.708250455,0.599545837,0.978395641,1.196437989,0.940794256
sMSSSPWMPQDGFDPSDyAEPMDAVVkPR-2,Rho GTPase-activating protein 35 OS=Mus musculus OX=10090 GN=Arhgap35 PE=1 SV=3,0.935466217,0.824028808,0.917777509,1.453436618,2.388298
sPGDGHNAPAEGPEGEyVELLEVTLPVR-1,Rho guanine nucleotide exchange factor 40 OS=Mus musculus OX=10090 GN=Arhgef40 PE=1 SV=1,0.198107749,0.396322164,0.827054993,1.006193733,1.079557745
sQSSHSyDDSTLPLIDR-1,Catenin delta-1 OS=Mus musculus OX=10090 GN=Ctnnd1 PE=1 SV=2,0.259562692,0.585979318,0.569074722,0.822124526,0.630161667
sREYDQLyEEYTR-1,Phosphatidylinositol 3-kinase regulatory subunit beta OS=Mus musculus OX=10090 GN=Pik3r2 PE=1 SV=2,0.876225133,0.634695078,0.964122531,1.08603812,1.12831621
sRPPYtDyVSTR-2,Serine/threonine-protein kinase ICK OS=Mus musculus OX=10090 GN=Ick PE=1 SV=2,0.400824666,0.209509418,0.449190909,0.488281855,0.512149383
sSGSGSSMADERVDyVVVDQQk-1,GRB2-associated-binding protein 1 OS=Mus musculus OX=10090 GN=Gab1 PE=1 SV=2,0.155881554,1.289600417,1.648446042,1.677037668,1.441342379
sSSSNLGADDGyMPMTPGAALR-1,Insulin receptor substrate 2 OS=Mus musculus OX=10090 GN=Irs2 PE=1 SV=2,0.380876251,0.817700758,0.975695109,0.958125787,1.096591573
sTGSVDyLALDFQPGsPSPHR-2,GRB2-associated-binding protein 2 OS=Mus musculus OX=10090 GN=Gab2 PE=1 SV=2,0.474057487,0.705146494,1.155737144,1.582808702,1.160479999
sTLEENAyEDIVGGLPk-1,Suppression of tumorigenicity 5 protein OS=Mus musculus OX=10090 GN=St5 PE=1 SV=1,0.374435828,0.375890474,0.53872194,0.69188928,0.68834549
sTLEENAYEDIVGGLPkENPyEDVDLk-1,Suppression of tumorigenicity 5 protein OS=Mus musculus OX=10090 GN=St5 PE=1 SV=1,0.337660083,0.507647186,0.766382584,1.077198363,0.874707323
sTLEENAyEDIVGGLPkENPyEDVDLk-2,Suppression of tumorigenicity 5 protein OS=Mus musculus OX=10090 GN=St5 PE=1 SV=1,0.976011337,0.883378471,1.241286797,1.634109635,1.256667207
sVDAYDsYWESR-1,Spermatogenesis-associated protein 2 OS=Mus musculus OX=10090 GN=Spata2 PE=1 SV=1,0.082990649,0.306035477,1.071387192,2.247008136,1.92378797
sVLTAGGVSGEELDENyVPMNPNSPPR-1,GRB2-associated-binding protein 1 OS=Mus musculus OX=10090 GN=Gab1 PE=1 SV=2,0.408793729,0.793866918,1.329864387,0.922303713,1.02651658
sYEDMIGEEVPPDQyYWAPLAQHER-1,Catenin delta-1 OS=Mus musculus OX=10090 GN=Ctnnd1 PE=1 SV=2,0.324111737,0.714311741,0.88672171,0.934399486,0.659387406
sYVILSFENNGDyMDMk-1,Platelet-derived growth factor receptor alpha OS=Mus musculus OX=10090 GN=Pdgfra PE=1 SV=3,1.045717014,0.878226193,0.970413484,1.086551877,1.091051032
tAcTNFMMTPyVVTR-1,Mitogen-activated protein kinase 9 OS=Mus musculus OX=10090 GN=Mapk9 PE=1 SV=2,1.014210737,0.859669792,1.383345626,1.215740936,1.354483002
tADSVFcPHyEk-1,Ephrin-B2 OS=Mus musculus OX=10090 GN=Efnb2 PE=1 SV=1,0.51492686,0.435045364,0.615963614,0.641113251,0.606699198
tAEAQLAyELQGAR-1,Flotillin-2 OS=Mus musculus OX=10090 GN=Flot2 PE=1 SV=2,0.491272641,0.556502902,0.395383245,0.640532956,0.759485011
tAGTSFMMTPyVVTR-1,Mitogen-activated protein kinase 10 OS=Mus musculus OX=10090 GN=Mapk10 PE=1 SV=2,0.813815095,0.640128027,1.096720424,0.947029008,1.242635637
tALSDLyLEHLLQk-1,55 kDa erythrocyte membrane protein OS=Mus musculus OX=10090 GN=Mpp1 PE=1 SV=1,0.125180895,0.457270186,0.576151489,0.765675131,0.568714112
tASESNVyLNSFHYPDR-2,Pleckstrin homology-like domain family B member 2 OS=Mus musculus OX=10090 GN=Phldb2 PE=1 SV=2,0.460593923,0.428847795,0.926559425,0.855565791,1.076335946
tcLSEGNPyVSSALSVPAsPR-2,Pleckstrin homology-like domain family B member 2 OS=Mus musculus OX=10090 GN=Phldb2 PE=1 SV=2,0.230795948,0.431516766,0.502899782,0.767470683,0.692921183
tEDAyTISSAGkPTPSTQGk-1,Girdin OS=Mus musculus OX=10090 GN=Ccdc88a PE=1 SV=2,0.036968652,0.096708229,0.134129285,0.230666297,0.223150006
tEGDyLSYR-1,Erbin OS=Mus musculus OX=10090 GN=Erbin PE=1 SV=3,0.090937037,0.215669322,0.313465644,0.371109328,0.30608482
tEPAQSEDHVDIyNLR-1,SH3 and PX domain-containing protein 2B OS=Mus musculus OX=10090 GN=Sh3pxd2b PE=1 SV=1,0.280903729,0.341356175,0.949238162,1.428594979,1.116831183
tEVPyEELWLEEGkPSR-1,GRB2-associated and regulator of MAPK protein OS=Mus musculus OX=10090 GN=Garem1 PE=1 SV=2,0.108530014,0.387631618,0.5946319,0.671657367,0.477215294
tGyLSIVMDPDELPLDER-1,Vascular endothelial growth factor receptor 2 OS=Mus musculus OX=10090 GN=Kdr PE=1 SV=1,1.123172471,0.730748502,1.400113292,1.490464755,1.476149197
tHAVSVSETDDyAEIIDEEDTYTMPSTR-1,Focal adhesion kinase 1 OS=Mus musculus OX=10090 GN=Ptk2 PE=1 SV=4,0.712757876,0.793756332,0.810192436,0.924781561,1.023870943
tHAVsVSETDDyAEIIDEEDTYTMPSTR-2,Focal adhesion kinase 1 OS=Mus musculus OX=10090 GN=Ptk2 PE=1 SV=4,0.374714425,0.526717746,0.711569556,0.9171779,1.200088436
tLEPVkPPTVPNDyMTSPAR-1,Abl interactor 1 OS=Mus musculus OX=10090 GN=Abi1 PE=1 SV=3,0.262504512,0.779478466,0.958734948,1.049393221,0.76776577
tLEPVRPPVVPNDyVPSPTR-1,Abl interactor 2 OS=Mus musculus OX=10090 GN=Abi2 PE=1 SV=1,0.199267714,0.534692503,0.807569197,0.929673505,0.761366965
tLsEENVYEDILDPPMkENPyEDVELHGR-2,DENN domain-containing protein 2A OS=Mus musculus OX=10090 GN=Dennd2a PE=1 SV=1,0.46820425,0.535453832,0.692734244,0.603515808,0.777122537
tLSEVDyAPGPGR-1,"Phosphatidylinositol 3,4,5-trisphosphate 5-phosphatase 2 OS=Mus musculus OX=10090 GN=Inppl1 PE=1 SV=1",0.122155638,0.656786259,0.86345496,0.888542678,0.633000712
tLSNAEDyLDDEDsD-2,Osteoclast-stimulating factor 1 OS=Mus musculus OX=10090 GN=Ostf1 PE=1 SV=2,0.258725655,0.473064799,0.720639991,0.829491648,0.649910142
tLyDFPGNDAEDLPFk-1,Crk-like protein OS=Mus musculus OX=10090 GN=Crkl PE=1 SV=2,0.490952084,0.501360302,0.779970686,0.800688837,0.75140365
tMQADDyFAR-1,Signal-induced proliferation-associated 1-like protein 2 OS=Mus musculus OX=10090 GN=Sipa1l2 PE=1 SV=3,0.083307111,0.138319373,0.366606293,0.741198135,0.888555098
tMQFEPSTMVyDAcR-1,Talin-1 OS=Mus musculus OX=10090 GN=Tln1 PE=1 SV=2,0.437648629,0.582339594,0.844353996,1.097770344,1.248300546
tNyLELDR-1,Syntaxin-binding protein 3 OS=Mus musculus OX=10090 GN=Stxbp3 PE=1 SV=1,0.045325921,0.311802889,0.556252793,0.697413077,0.649489444
tNyLELDRk-1,Syntaxin-binding protein 3 OS=Mus musculus OX=10090 GN=Stxbp3 PE=1 SV=1,0.046199928,0.361156304,0.598161867,0.784941247,0.569323308
tPVDyIDLPYSSSPSR-1,Sorbin and SH3 domain-containing protein 1 OS=Mus musculus OX=10090 GN=Sorbs1 PE=1 SV=2,0.116571279,0.536754249,0.795883287,0.803616332,0.581204815
tPYEAyDPIGk-1,Kin of IRRE-like protein 1 OS=Mus musculus OX=10090 GN=Kirrel1 PE=1 SV=1,0.73477208,0.705572119,0.824223803,0.88458752,0.728222073
tQVIDDESDyFASDSNQWLSk-1,Activating signal cointegrator 1 OS=Mus musculus OX=10090 GN=Trip4 PE=1 SV=2,0.140116601,0.35936541,0.748752776,1.333170968,1.642371929
tSDSDQQTyLFQR-1,Optineurin OS=Mus musculus OX=10090 GN=Optn PE=1 SV=1,0.147040235,0.334660014,0.64941179,1.376103927,1.406871079
tTNPFYNtM-1,Protein phosphatase Slingshot homolog 2 OS=Mus musculus OX=10090 GN=Ssh2 PE=1 SV=2,0.694201573,0.547449108,0.744932243,0.935613308,0.877535183
tTSVISHTyEEIETESk-1,Inactive tyrosine-protein kinase PEAK1 OS=Mus musculus OX=10090 GN=Peak1 PE=1 SV=4,0.258534262,0.661698137,0.881735264,1.025112399,1.117181909
ttSVISHTyEEIETESk-2,Inactive tyrosine-protein kinase PEAK1 OS=Mus musculus OX=10090 GN=Peak1 PE=1 SV=4,0.316336789,0.663420571,0.782740524,0.891264603,0.755313407
tVHDMDQFGQQQYDIyER-1,Plakophilin-4 OS=Mus musculus OX=10090 GN=Pkp4 PE=1 SV=1,0.3799812,0.407308721,0.615962239,0.727966595,0.739319633
tVPPPVPQDPLGSPPALyAEPLDSLR-1,Docking protein 1 OS=Mus musculus OX=10090 GN=Dok1 PE=1 SV=2,0.256345963,0.366159465,0.837162931,0.940495473,0.858275962
tVQPVPMGPDGLPVDASAVSNNyIQTLGR-1,Catenin delta-1 OS=Mus musculus OX=10090 GN=Ctnnd1 PE=1 SV=2,0.258720023,0.221705973,0.757270913,0.554806756,0.418349318
tVTyEDPQAVGGLASALDNR-1,TOM1-like protein 2 OS=Mus musculus OX=10090 GN=Tom1l2 PE=1 SV=1,0.359607083,0.65698094,0.888838408,1.035586966,1.39915766
tYVDPHTyEDPNQAVLk-1,Ephrin type-A receptor 2 OS=Mus musculus OX=10090 GN=Epha2 PE=1 SV=3,0.666355678,0.724397404,0.772267051,0.982610916,0.811273667
tYVDPHTyEDPNQAVLk-2,Ephrin type-A receptor 2 OS=Mus musculus OX=10090 GN=Epha2 PE=1 SV=3,0.324089878,0.306611348,0.188843269,0.344680803,0.248918336
vADPDHDHTGFLtEYVATR-1,Mitogen-activated protein kinase 1 OS=Mus musculus OX=10090 GN=Mapk1 PE=1 SV=3,0.327667196,0.376829863,0.806151111,0.597936195,0.794429917
vADPDHDHTGFLtEyVATR-2,Mitogen-activated protein kinase 1 OS=Mus musculus OX=10090 GN=Mapk1 PE=1 SV=3,0.131325503,0.21129657,0.417243932,1.18440749,1.489956981
vADPDHDHtGFLtEyVATR-3,Mitogen-activated protein kinase 1 OS=Mus musculus OX=10090 GN=Mapk1 PE=1 SV=3,0.246654482,0.368363074,0.693956469,1.151201505,1.612511179
vDGDNIyVR-1,Band 4.1-like protein 2 OS=Mus musculus OX=10090 GN=Epb41l2 PE=1 SV=2,0.127853551,0.220095608,0.375234909,0.416750234,0.313625347
vDPVyETLR-1,SH3 and cysteine-rich domain-containing protein 2 OS=Mus musculus OX=10090 GN=Stac2 PE=1 SV=1,0.504069799,0.84464629,1.122950165,1.248687112,0.913491687
vDyVVVDQQk-1,GRB2-associated-binding protein 1 OS=Mus musculus OX=10090 GN=Gab1 PE=1 SV=2,0.031232177,0.216502354,0.243259663,0.283336619,0.243821992
vGQGYVYEAAQTEQDEyDTPR-1,Breast cancer anti-estrogen resistance protein 1 OS=Mus musculus OX=10090 GN=Bcar1 PE=1 SV=2,1.042034909,0.789579944,1.196106098,1.15449177,1.036959887
vGWFPSTyVEEDE-1,Guanine nucleotide exchange factor VAV3 OS=Mus musculus OX=10090 GN=Vav3 PE=1 SV=2,0.29767043,0.618823858,0.502478545,0.712401792,0.995769915
vIESISPDGHEYIyVDPMQLPYDSR-1,Platelet-derived growth factor receptor alpha OS=Mus musculus OX=10090 GN=Pdgfra PE=1 SV=3,2.473494604,2.060133722,2.937093342,2.850643171,1.735980103
vIyDFIEk-1,Neural Wiskott-Aldrich syndrome protein OS=Mus musculus OX=10090 GN=Wasl PE=1 SV=1,1.023720341,0.861694142,1.005718622,1.275876477,0.835023389
vLEDDPEAtYTTSGGk-1,Ephrin type-A receptor 2 OS=Mus musculus OX=10090 GN=Epha2 PE=1 SV=3,0.212593309,0.155923386,0.175009826,0.275383902,0.152976443
vLEDDPEAtYTTSGGkIPIR-1,Ephrin type-A receptor 2 OS=Mus musculus OX=10090 GN=Epha2 PE=1 SV=3,1.345641131,1.447788357,2.0867111,2.481357505,1.979198307
vLPPEVADGSVVDDGVyAVPPPAER-1,Breast cancer anti-estrogen resistance protein 1 OS=Mus musculus OX=10090 GN=Bcar1 PE=1 SV=2,0.78279538,0.672304934,1.045117368,1.019359605,0.66223841
vPIVINPNAyDNLAIYk-1,Inactive tyrosine-protein kinase PEAK1 OS=Mus musculus OX=10090 GN=Peak1 PE=1 SV=4,0.932925546,0.737764282,0.72975625,0.849109449,0.875937531
vPIVINPNAyDNLAIyk-2,Inactive tyrosine-protein kinase PEAK1 OS=Mus musculus OX=10090 GN=Peak1 PE=1 SV=4,1.076116009,0.689643263,0.82065558,1.207864289,0.973384162
vQENDGkEPPPVVNyEEDAR-1,Tyrosine-protein kinase Fer OS=Mus musculus OX=10090 GN=Fer PE=1 SV=2,0.703259814,0.762575168,0.93931914,0.904695653,0.673903165
vQIyHNPTANSFR-1,Vasodilator-stimulated phosphoprotein OS=Mus musculus OX=10090 GN=Vasp PE=1 SV=4,0.919882187,0.519520811,0.879296774,1.040628874,1.021592035
vSETEySALEQNTk-1,Atypical chemokine receptor 3 OS=Mus musculus OX=10090 GN=Ackr3 PE=1 SV=2,0.598771463,0.539141163,0.395990411,0.715568237,0.59889706
vTIADDySDPFDAk-1,SH2 domain-containing adapter protein B OS=Mus musculus OX=10090 GN=Shb PE=1 SV=2,0.205947307,0.655680399,0.618310492,0.806650352,0.630068344
vTPPEGyDVVTVFRE-1,PDZ and LIM domain protein 1 OS=Mus musculus OX=10090 GN=Pdlim1 PE=1 SV=4,0.274647684,0.558886915,0.785141916,1.145449922,1.358368785
vTQEQYELycEMGSTFQLck-1,E3 ubiquitin-protein ligase CBL OS=Mus musculus OX=10090 GN=Cbl PE=1 SV=3,0.155218325,0.792814158,1.017774618,1.351458609,0.926158501
vVEGTAyGLSR-1,Platelet-derived growth factor receptor alpha OS=Mus musculus OX=10090 GN=Pdgfra PE=1 SV=3,0.844792762,0.643348663,0.790233671,0.901688812,0.711183664
vVQEYIDAFSDyANFk-1,Receptor-type tyrosine-protein phosphatase alpha OS=Mus musculus OX=10090 GN=Ptpra PE=1 SV=3,1.198140018,0.933285066,0.997078669,1.766460263,1.144362154
vyENVGLMQQQR-1,Tyrosine-protein phosphatase non-receptor type 11 OS=Mus musculus OX=10090 GN=Ptpn11 PE=1 SV=2,0.192943086,0.831125932,1.279079641,1.211358147,0.795367291
vyESIGHYGGETVk-1,MAGUK p55 subfamily member 5 OS=Mus musculus OX=10090 GN=Mpp5 PE=1 SV=1,0.74088384,0.647925882,0.928472462,1.032850862,0.731834647
vYIDPFTyEDPNEAVR-1,Ephrin type-B receptor 3 OS=Mus musculus OX=10090 GN=Ephb3 PE=1 SV=2,0.303295143,0.50338507,0.353408892,0.565159327,0.441790619
vyQLER-1,Afadin OS=Mus musculus OX=10090 GN=Afdn PE=1 SV=3,0.048625777,0.133609139,0.171141429,0.245088771,0.181392867
vYTyIQSR-1,Dual specificity tyrosine-phosphorylation-regulated kinase 4 OS=Mus musculus OX=10090 GN=Dyrk4 PE=2 SV=1,0.540184462,0.489697986,0.506577283,0.645915208,0.713473718
wDsYENMSADGEVLHTQGPVDGSLyAk-2,Tensin-3 OS=Mus musculus OX=10090 GN=Tns3 PE=1 SV=1,0.413528188,0.426168588,0.576617795,0.652572796,0.614998028
wDTGENPIyk-1,Integrin beta-1 OS=Mus musculus OX=10090 GN=Itgb1 PE=1 SV=1,1.19039957,1.042118898,1.066259473,1.476428172,1.175965272
wPTVDASyYGGR-1,Anthrax toxin receptor 1 OS=Mus musculus OX=10090 GN=Antxr1 PE=1 SV=2,0.561567568,0.79178301,0.793943086,0.732684287,0.687257476
yADIESPSYMAPYDNYVPSAPER-1,Platelet-derived growth factor receptor beta OS=Mus musculus OX=10090 GN=Pdgfrb PE=1 SV=1,0.322183616,0.544913507,0.779368471,0.419607241,1.010452245
yAGSALQYEDVGTAVQNLQk-1,Vacuolar protein sorting-associated protein VTA1 homolog OS=Mus musculus OX=10090 GN=Vta1 PE=1 SV=1,1.134224236,0.856707409,0.957226234,1.139199311,1.07634613
yAHQQPPsPLPVySSSAk-2,Paxillin OS=Mus musculus OX=10090 GN=Pxn PE=1 SV=1,1.162291169,0.919752504,1.152301234,1.223276998,0.936614969
yATPQVIQAPGPR-1,Activated CDC42 kinase 1 OS=Mus musculus OX=10090 GN=Tnk2 PE=1 SV=2,0.905425821,0.873302548,1.096124603,1.202677958,0.808275874
ycPQGSAADGAPAGDGQGEAPEyLAYcQEEAGY-1,Calponin-2 OS=Mus musculus OX=10090 GN=Cnn2 PE=1 SV=1,0.16357608,0.414282067,0.777726076,0.640008606,0.883018515
ycRPESQEHPEADPGSAAPyLk-1,Signal transducer and activator of transcription 3 OS=Mus musculus OX=10090 GN=Stat3 PE=1 SV=2,0.981067541,0.73908348,0.991887739,1.204529083,1.495256539
yDSRPGGYGyGYGR-1,RNA-binding protein 3 OS=Mus musculus OX=10090 GN=Rbm3 PE=1 SV=1,0.041597761,0.081999729,0.146775282,0.18716662,0.238360316
yENVPLIGR-1,Protein tweety homolog 2 OS=Mus musculus OX=10090 GN=Ttyh2 PE=1 SV=1,0.741946163,0.661809074,0.755054867,0.909149663,0.88986688
yESGyMLNSEEMEEPSEk-1,Caveolae-associated protein 2 OS=Mus musculus OX=10090 GN=Cavin2 PE=1 SV=3,0.115605775,0.153591399,0.333328266,0.438327704,0.493240773
yEVSSyTDQFSR-1,Tight junction protein ZO-1 OS=Mus musculus OX=10090 GN=Tjp1 PE=1 SV=2,0.164240165,0.465863177,0.829877337,0.795453722,0.653058601
yFDsGDYNMAk-1,Alpha-endosulfine OS=Mus musculus OX=10090 GN=Ensa PE=1 SV=1,0.101605687,0.233600857,0.399435954,0.511494779,0.369865073
yGEVFEPTVER-1,Tyrosine-protein kinase receptor UFO OS=Mus musculus OX=10090 GN=Axl PE=1 SV=2,1.218711707,1.226837041,1.157942222,1.337859692,1.28534063
yLEQMQI-1,Amyloid-like protein 2 OS=Mus musculus OX=10090 GN=Aplp2 PE=1 SV=4,1.248568921,0.90117931,0.94493513,1.45482602,1.132426031
yLyVDkNFINNPLAQADWAAk-1,Myosin-9 OS=Mus musculus OX=10090 GN=Myh9 PE=1 SV=4,0.761096742,0.464843719,0.530377712,0.767228416,0.962507967
yMEDsTYYk-1,Focal adhesion kinase 1 OS=Mus musculus OX=10090 GN=Ptk2 PE=1 SV=4,0.332072085,0.301547754,0.325763352,0.366205886,0.23702444
yQDVyVELNHIk-1,TRIO and F-actin-binding protein OS=Mus musculus OX=10090 GN=Triobp PE=1 SV=3,0.105859093,0.191142017,0.34114695,0.524208947,0.890573089
yQEDPEDsYFSSSSk-1,ADP-ribosylation factor GTPase-activating protein 3 OS=Mus musculus OX=10090 GN=Arfgap3 PE=1 SV=2,0.050007684,0.086624714,0.169318125,0.164027318,0.122259694
yQEVWTSSTSPR-1,Inactive tyrosine-protein kinase PEAK1 OS=Mus musculus OX=10090 GN=Peak1 PE=1 SV=4,0.54995639,0.571418984,0.779652015,1.064820501,1.318592704
yQQPFEDFR-1,"1-phosphatidylinositol 4,5-bisphosphate phosphodiesterase gamma-1 OS=Mus musculus OX=10090 GN=Plcg1 PE=1 SV=2",0.056585322,0.30745306,0.547160505,0.638166722,0.580713874
ySDIQR-1,Platelet-derived growth factor receptor alpha OS=Mus musculus OX=10090 GN=Pdgfra PE=1 SV=3,0.339334884,0.279396681,0.296046589,0.306122319,0.346631066
ySPDPVVVR-1,Cysteine-rich hydrophobic domain-containing protein 2 OS=Mus musculus OX=10090 GN=Chic2 PE=2 SV=1,0.472452947,0.336729082,0.372542997,0.482201842,0.396781152
yVDSEGHLyTVPIR-1,Caveolin-1 OS=Mus musculus OX=10090 GN=Cav1 PE=1 SV=1,0.65976871,0.56987595,0.652830197,0.791636833,0.675313205
yVLcPSTAPGPTLSADR-1,Tyrosine-protein kinase receptor UFO OS=Mus musculus OX=10090 GN=Axl PE=1 SV=2,0.633530488,0.65914479,0.782533792,0.891013149,0.923744635
yYEPyYAAGPSYGGR-1,Lipoma-preferred partner homolog OS=Mus musculus OX=10090 GN=Lpp PE=1 SV=1,0.305809142,0.39582526,0.637208523,0.718832285,0.708089166
